940,46.1,14.66,0
950,45.6,14.7,0
950,45.1,14.69,0
950,45.6,14.67,0
950,46.1,14.69,0
950,45.6,14.69,0
950,45.1,14.69,0
950,44.6,14.66,0
950,44.1,14.64,0
950,45.1,14.63,0
950,46.1,14.64,0
960,45.6,14.67,0
970,45.1,14.64,0
960,45.6,14.64,0
950,46.1,14.64,0
950,45.6,14.64,0
940,45.1,14.63,0
940,44.6,14.6,0
940,44.1,14.57,0
950,45.1,14.55,0
950,46.1,14.57,0
960,45.6,14.6,0
960,45.1,14.77,0
950,45.1,14.77,0
930,45.1,14.66,0
940,45.1,14.6,0
940,45.1,14.49,0
950,45.1,14.57,0
960,45.1,14.57,0
920,45.1,14.55,0
880,45.1,14.54,0
860,47.1,14.57,0
840,49.1,14.57,0
800,49.6,14.6,0
750,50.1,14.63,0
720,52.6,14.6,0.2
690,55.1,14.52,0.4
670,56.1,14.48,0.4
640,57.1,14.48,0.4
650,58.6,14.42,0.4
650,60.1,14.36,0.4
700,60.6,14.24,0.6
750,61.1,14.19,0.8
800,59.1,14.19,1.2
840,57.1,14.14,1.6
870,55.1,13.97,1.6
900,53.1,13.99,1.6
870,52.6,13.99,1.6
830,52.1,14.11,1.6
810,53.1,14.2,1.8
780,54.1,14.29,2
750,55.6,14.38,4.1
710,57.1,14.49,6.3
730,60.1,14.54,6.8
750,63.1,14.54,7.4
860,62.6,14.57,7.6
970,62.1,14.7,7.8
1050,59.1,14.76,7.8
1130,56.1,14.77,7.8
1180,54.6,14.77,7.8
1220,53.1,14.73,7.8
1220,51.6,14.67,7.8
1210,50.1,14.66,7.8
1180,49.6,14.71,7.8
1150,49.1,14.69,7.8
1130,50.1,14.89,7.8
1100,51.1,14.96,7.8
1110,51.6,15.19,7.8
1110,52.1,15.38,7.8
1110,52.6,15.49,7.8
1100,53.1,15.51,7.8
1100,52.6,15.48,7.8
1100,52.1,15.46,7.8
1100,52.6,15.46,7.8
1100,53.1,15.41,7.8
1110,52.6,15.38,7.8
1120,52.1,15.42,7.8
1130,52.1,15.36,7.8
1130,52.1,15.39,7.8
1150,51.1,15.32,7.8
1160,50.1,15.24,7.8
1180,50.1,15.23,7.8
1200,50.1,15.2,7.8
1200,49.6,15.14,7.8
1190,49.1,15.14,7.8
1190,49.1,15.2,7.8
1180,49.1,15.19,7.8
1180,49.1,15.16,7.8
1170,49.1,15.14,7.8
1170,50.1,15.16,7.8
1170,51.1,15.13,7.8
1180,50.6,15.21,7.6
1190,50.1,15.21,7.4
1190,50.1,15.23,7.6
1190,50.1,15.21,7.8
1200,49.6,15.23,7.8
1210,49.1,15.19,7.8
1220,49.1,15.08,7.6
1230,49.1,15.11,7.4
1240,48.6,15.13,7.4
1240,48.1,15.1,7.4
1240,48.1,15.13,7.4
1240,48.1,15.11,7.4
1240,48.6,15.02,7.4
1240,49.1,15.01,7.4
1240,48.6,15.02,7.4
1240,48.1,15.01,7.4
1240,48.6,15.04,7.4
1240,49.1,15.04,7.4
1250,48.6,15.08,7.4
1260,48.1,15.1,7.4
1260,48.1,15.08,7.4
1260,48.1,15.08,7.4
1270,48.1,15.07,7.4
1270,48.1,14.99,7.4
1270,47.6,14.99,7.4
1260,47.1,14.99,7.4
1270,47.1,14.99,7.4
1270,47.1,14.98,7.4
1270,47.1,14.98,7.2
1270,47.1,14.91,7
1280,47.1,14.91,7
1280,47.1,14.92,7
1280,46.6,14.88,7
1280,46.1,14.96,7
1280,46.1,14.95,7
1280,46.1,14.91,7
1290,46.1,14.89,6.6
1290,46.1,14.85,6.3
1280,46.1,14.89,6.1
1260,46.1,14.83,5.9
1260,45.6,14.79,5.9
1250,45.1,14.79,5.9
1250,45.1,14.79,5.9
1240,45.1,14.91,5.9
1240,45.1,14.79,5.5
1240,45.1,14.79,5.1
1240,45.1,14.79,5.1
1230,45.1,14.76,5.1
1230,44.6,14.71,4.9
1230,44.1,14.69,4.7
1230,44.1,14.69,4.7
1220,44.1,14.71,4.7
1230,44.1,14.73,4.7
1230,44.1,14.71,4.7
1220,44.1,14.73,4.5
1210,44.1,14.73,4.3
1210,44.1,14.73,4.3
1210,44.1,14.71,4.3
1200,44.1,14.73,3.9
1190,44.1,14.69,3.5
1170,44.1,14.66,3.5
1140,44.1,14.64,3.5
1150,44.1,14.66,3.5
1150,44.1,14.69,3.5
1150,44.1,14.74,3.3
1140,44.1,14.74,3.1
1130,44.1,14.76,3.1
1120,44.1,14.71,3.1
1130,44.6,14.7,3.1
1130,45.1,14.67,3.1
1140,44.6,14.69,3.1
1140,44.1,14.69,3.1
1140,44.1,14.66,3.1
1130,44.1,14.66,3.1
1140,44.1,14.63,3.1
1140,44.1,14.6,3.1
1140,44.1,14.64,3.1
1140,44.1,14.6,3.1
1130,44.1,14.55,2.7
1110,44.1,14.51,2.3
1110,44.1,14.54,2.3
1110,44.1,14.6,2.3
1130,44.1,14.63,2.3
1150,44.1,14.63,2.3
1150,43.6,14.6,2.3
1140,43.1,14.6,2.3
1110,43.6,14.6,2.3
1080,44.1,14.54,2.3
1100,44.1,14.52,2.2
1110,44.1,14.54,2
1100,44.1,14.57,2
1080,44.1,14.6,2
1080,44.1,14.64,2
1080,44.1,14.61,2
1080,44.1,14.58,1.8
1080,44.1,14.55,1.6
1070,44.1,14.57,1.6
1050,44.1,14.57,1.6
1040,44.6,14.61,1.6
1030,45.1,14.6,1.6
1030,44.6,14.63,1.6
1020,44.1,14.67,1.6
1020,44.6,14.67,1.6
1020,45.1,14.66,1.6
1010,45.1,14.64,1.6
1000,45.1,14.63,1.6
1000,45.1,14.69,1.2
990,45.1,14.71,0.8
990,45.1,14.79,0.8
980,45.1,14.77,0.8
980,45.1,14.79,0.8
970,45.1,14.79,0.8
960,45.6,14.79,0.8
940,46.1,14.79,0.8
950,46.6,14.8,0.8
960,47.1,14.79,0.8
940,47.1,14.79,0.8
920,47.1,14.77,0.8
930,47.1,14.76,0.8
940,47.1,14.76,0.8
950,47.1,14.74,0.8
950,47.1,14.7,0.8
960,47.1,14.69,0.8
960,47.1,14.63,0.8
960,46.6,14.67,0.8
950,46.1,14.66,0.8
950,46.6,14.66,0.8
950,47.1,14.71,0.8
950,47.1,14.74,0.8
940,47.1,14.76,0.8
940,47.1,14.77,0.8
940,47.1,14.77,0.8
950,47.1,14.77,0.8
950,47.1,14.76,0.8
950,47.1,14.71,0.8
940,47.1,14.7,0.8
930,47.1,14.71,0.8
920,47.1,14.71,0.8
940,47.1,14.73,0.8
950,47.1,14.74,0.8
940,47.1,14.71,0.8
930,47.1,14.76,0.8
930,47.6,14.74,0.8
920,48.1,14.74,0.8
920,47.6,14.73,0.6
920,47.1,14.74,0.4
930,47.1,14.74,0.4
930,47.1,14.73,0.4
950,47.1,14.71,0.4
960,47.1,14.77,0.4
960,47.1,14.71,0.4
960,47.1,14.73,0.4
950,47.1,14.73,0.4
940,47.1,14.74,0.4
940,47.1,14.76,0.4
930,47.1,14.8,0.4
940,47.6,14.88,0.4
950,48.1,14.85,0.4
950,47.6,14.86,0.4
940,47.1,14.89,0.4
950,47.1,14.88,0.4
950,47.1,14.8,0.4
960,47.1,14.8,0.4
960,47.1,14.8,0.4
960,47.6,14.8,0.4
950,48.1,14.8,0.4
950,47.6,14.8,0.4
950,47.1,14.83,0.4
950,47.6,14.8,0.4
940,48.1,14.79,0.4
940,47.6,14.85,0.4
940,47.1,14.89,0.4
940,46.6,14.83,0.4
940,46.1,14.83,0.4
940,46.6,14.83,0.4
930,47.1,14.82,0.4
920,47.1,14.83,0.4
910,47.1,14.82,0.4
920,47.1,14.76,0.4
920,47.1,14.74,0.4
920,48.1,14.73,0.4
910,49.1,14.73,0.4
900,48.6,14.73,0.4
890,48.1,14.71,0.4
880,48.6,14.69,0.4
870,49.1,14.64,0.4
870,48.6,14.61,0.4
860,48.1,14.6,0.4
850,49.1,14.57,0.4
830,50.1,14.52,0.4
820,51.1,14.48,0.4
800,52.1,14.39,0.4
800,52.1,14.35,0.4
800,52.1,14.23,0.4
800,52.6,14.2,0.4
800,53.1,14.1,0.4
790,53.6,14.01,0.4
770,54.1,14.01,0.4
800,53.6,14.02,0.4
830,53.1,14.05,0.4
850,52.6,13.99,0.4
860,52.1,13.97,0.4
880,51.6,13.98,0.4
890,51.1,14.02,0.4
890,50.1,14.07,0.4
890,49.1,14.07,0.4
900,49.1,14.1,0.6
900,49.1,14.16,0.8
900,49.6,14.19,0.8
890,50.1,14.29,0.8
900,49.6,14.36,1.2
900,49.1,14.41,1.6
910,49.6,14.42,1.8
910,50.1,14.39,2
920,50.6,14.38,3.1
930,51.1,14.38,4.3
930,51.6,14.44,5.1
930,52.1,14.48,5.9
970,52.1,14.58,5.9
1010,52.1,14.7,5.9
1080,51.6,14.8,5.9
1150,51.1,14.95,5.9
1170,50.1,15.11,5.9
1190,49.1,15.2,5.9
1220,48.1,15.02,6.1
1250,47.1,14.94,6.3
1240,47.1,14.86,6.3
1230,47.1,14.82,6.3
1240,46.6,14.83,6.3
1240,46.1,14.91,6.3
1240,46.6,14.92,6.3
1230,47.1,14.94,6.3
1240,46.6,14.89,6.6
1250,46.1,14.88,7
1260,46.6,15.01,7.2
1260,47.1,14.94,7.4
1270,47.1,14.95,7.4
1270,47.1,14.94,7.4
1280,47.1,14.95,7.6
1290,47.1,14.94,7.8
1310,47.1,14.94,7.8
1330,47.1,14.85,7.8
1330,47.1,14.83,7.8
1330,47.1,14.83,7.8
1330,47.1,14.8,7.8
1330,47.1,14.77,7.8
1350,47.1,14.79,8.2
1360,47.1,14.82,8.6
1360,47.1,14.79,8.6
1350,47.1,14.82,8.6
1360,47.1,14.8,8.6
1360,47.1,14.79,8.6
1370,47.1,14.79,8.6
1380,47.1,14.82,8.6
1370,47.1,14.79,8.6
1360,47.1,14.71,8.6
1370,47.1,14.7,8.6
1370,47.1,14.63,8.6
1370,47.1,14.66,8.6
1370,47.1,14.7,8.6
1380,47.1,14.69,8.6
1390,47.1,14.7,8.6
1410,47.1,14.67,8.6
1420,47.1,14.67,8.6
1430,47.1,14.69,8.8
1430,47.1,14.69,9
1420,46.6,14.71,9
1410,46.1,14.77,9
1410,46.6,14.76,9
1410,47.1,14.7,9
1420,47.1,14.73,9
1430,47.1,14.79,9
1430,47.1,14.76,9
1430,47.1,14.76,9
1430,47.1,14.71,9
1430,47.1,14.73,9
1440,47.1,14.71,9
1440,47.1,14.69,9
1440,46.6,14.67,9
1440,46.1,14.7,9
1450,46.1,14.7,9
1450,46.1,14.73,9
1460,46.1,14.89,9
1460,46.1,14.73,9
1460,46.6,14.74,9
1450,47.1,14.73,9
1460,46.6,14.79,9.4
1470,46.1,14.82,9.8
1470,46.1,14.8,9.4
1460,46.1,14.83,9
1460,46.1,14.83,9
1460,46.1,14.85,9
1470,46.1,14.82,9
1480,46.1,14.82,9
1490,45.6,14.85,9
1500,45.1,14.85,9
1510,44.6,14.86,9
1510,44.1,14.79,9
1520,44.1,14.8,9
1520,44.1,14.88,9
1510,44.6,14.99,9.4
1500,45.1,15.1,9.8
1500,45.1,15.08,10.2
1490,45.1,15.1,10.6
1500,46.1,15.07,11.5
1500,47.1,15.08,12.5
1550,47.6,15.2,12.5
1600,48.1,15.13,12.5
1610,46.6,15.1,12.5
1610,45.1,15.19,12.5
1620,45.6,15.23,12.5
1620,46.1,15.29,12.5
1620,45.1,15.46,12.5
1620,44.1,15.64,12.5
1620,44.6,15.85,12.5
1620,45.1,15.89,12.5
1630,45.1,15.83,12.5
1630,45.1,15.85,12.5
1640,44.6,15.79,12.5
1640,44.1,15.79,12.5
1640,44.6,15.79,12.5
1630,45.1,15.83,12.5
1640,44.6,15.85,12.5
1650,44.1,15.83,12.5
1650,44.1,15.8,12.5
1650,44.1,15.83,12.5
1650,44.6,15.88,12.5
1650,45.1,15.79,12.5
1660,45.1,15.8,12.5
1670,45.1,15.86,12.5
1670,44.6,15.88,12.5
1670,44.1,15.86,12.5
1680,44.1,15.96,12.5
1680,44.1,15.89,12.5
1690,43.6,15.83,12.5
1690,43.1,15.86,12.5
1700,43.6,15.83,12.5
1700,44.1,15.8,12.5
1690,44.1,15.82,12.5
1680,44.1,15.85,12.5
1650,44.1,15.83,12.5
1620,44.1,15.95,12.5
1550,46.1,15.98,12.5
1470,48.1,16.02,12.5
1460,48.6,16.1,12.5
1440,49.1,15.99,12.5
1460,50.1,15.74,12.5
1470,51.1,15.39,12.5
1480,50.6,15.14,12.5
1480,50.1,14.94,12.5
1510,49.6,14.89,12.5
1530,49.1,14.86,12.5
1530,48.6,14.86,12.5
1530,48.1,14.83,12.5
1520,48.6,14.89,12.5
1510,49.1,15.01,12.5
1510,49.1,15.11,12.5
1510,49.1,15.17,12.5
1520,49.1,14.98,12.5
1520,49.1,15.04,12.5
1530,48.6,14.99,12.5
1530,48.1,14.99,12.5
1530,48.1,15.05,12.5
1520,48.1,15.05,12.5
1520,48.1,15.05,12.5
1510,48.1,15.11,12.5
1510,48.6,15.23,12.5
1510,49.1,15.2,12.5
1520,48.6,15.08,12.5
1530,48.1,15.05,12.5
1530,48.6,15.01,12.5
1530,49.1,14.99,12.5
1540,48.6,15.07,12.1
1540,48.1,15.05,11.7
1550,48.1,15.04,11.7
1550,48.1,15.07,11.7
1550,48.1,15.07,11.7
1550,48.1,15.1,11.7
1550,47.6,15.19,11.7
1540,47.1,15.16,11.7
1540,47.6,15.21,11.5
1530,48.1,15.24,11.3
1530,47.6,15.29,11.3
1530,47.1,15.29,11.3
1530,47.1,15.24,11.3
1520,47.1,15.23,11.3
1500,47.6,15.23,11.3
1480,48.1,15.17,11.3
1480,48.1,15.11,10.9
1480,48.1,15.05,10.6
1490,48.1,14.96,10.6
1490,48.1,14.89,10.6
1480,48.1,14.83,10.6
1470,48.1,14.88,10.6
1460,48.1,14.86,10.6
1440,48.1,14.89,10.6
1440,48.1,14.91,10.6
1430,48.1,14.86,10.6
1430,49.1,14.8,10.4
1420,50.1,14.76,10.2
1410,49.6,14.76,10
1390,49.1,14.73,9.8
1380,49.1,14.73,9.4
1370,49.1,14.7,9
1360,48.6,14.73,8.8
1340,48.1,14.7,8.6
1330,48.1,14.7,8.6
1320,48.1,14.71,8.6
1320,47.6,14.76,6.8
1310,47.1,14.76,5.1
1300,45.6,14.76,4.7
1280,44.1,14.77,4.3
1220,44.1,14.76,4.3
1160,44.1,14.69,4.3
1120,45.1,14.64,4.3
1070,46.1,14.6,4.3
1010,47.1,14.61,4.3
940,48.1,14.67,4.3
930,49.1,14.77,4.3
920,50.1,14.94,4.3
910,50.6,15.07,4.3
900,51.1,15.17,4.3
940,51.1,15.16,4.3
980,51.1,15.16,4.3
1000,51.1,15.08,4.3
1010,51.1,15.04,4.3
1040,50.1,15.02,4.3
1060,49.1,15.01,4.3
1060,48.6,15.01,4.3
1050,48.1,15.01,4.3
1060,48.1,14.99,4.3
1060,48.1,14.98,4.3
1040,48.6,15.1,4.3
1020,49.1,14.92,4.3
1010,49.1,14.95,4.3
990,49.1,14.98,4.3
990,49.1,15.05,5.1
980,49.1,15.13,5.9
990,50.1,15.19,6.5
990,51.1,15.24,7
1050,52.6,15.24,7.8
1100,54.1,15.3,8.6
1150,53.1,15.38,8.6
1200,52.1,15.43,8.6
1260,51.6,15.36,8.8
1310,51.1,15.3,9
1320,50.1,15.14,9
1330,49.1,15.04,9
1330,49.1,14.99,9
1320,49.1,14.98,9
1330,49.1,14.91,9
1330,49.1,14.86,9
1340,49.6,14.82,9.6
1340,50.1,14.88,10.2
1350,50.1,14.91,10.2
1350,50.1,14.95,10.2
1370,49.6,14.89,10.4
1380,49.1,14.89,10.6
1400,49.1,14.91,10.6
1410,49.1,14.88,10.6
1430,49.6,14.79,11.1
1440,50.1,14.73,11.7
1450,49.6,14.67,12.1
1450,49.1,14.67,12.5
1480,50.1,14.67,13.5
1500,51.1,14.71,14.5
1540,51.1,14.77,14.9
1570,51.1,14.79,15.2
1580,50.6,14.83,15.4
1590,50.1,14.91,15.6
1610,49.6,15.23,15.6
1620,49.1,15.2,15.6
1630,49.6,15.38,15.6
1630,50.1,15.33,15.6
1640,49.6,15.32,15.6
1650,49.1,15.45,15.6
1650,49.1,15.99,15.6
1650,49.1,15.49,15.6
1670,48.1,15.52,15.6
1680,47.1,15.54,15.6
1680,48.1,15.58,15.6
1680,49.1,15.58,15.6
1680,48.6,15.6,15.6
1680,48.1,15.6,15.6
1690,48.1,15.6,15.6
1690,48.1,15.58,15.6
1700,47.6,15.55,15.6
1710,47.1,15.54,15.6
1720,47.1,15.46,15.6
1720,47.1,15.43,15.6
1730,47.1,15.43,15.6
1730,47.1,15.41,15.6
1740,46.6,15.39,15.6
1740,46.1,15.36,15.6
1750,46.1,15.36,15.6
1760,46.1,15.32,15.6
1760,46.1,15.24,15.6
1760,46.1,15.14,15.6
1760,45.6,15.04,15.4
1760,45.1,14.88,15.2
1760,45.1,15.1,14.7
1760,45.1,15.07,14.1
1750,44.6,15.04,13.3
1740,44.1,14.88,12.5
1730,43.6,15.01,11.9
1710,43.1,15.24,11.3
1690,43.6,15.45,11.3
1660,44.1,15.6,11.3
1660,43.1,15.64,10.8
1660,41.9,15.64,10.2
1640,41.9,15.74,10
1620,41.9,15.85,9.8
1620,41.4,16.04,9.4
1610,40.9,15.95,9
1530,40.9,15.96,9
1440,40.9,15.96,9
1400,42.6,15.88,8
1360,44.1,15.88,7
1310,44.6,15.89,7
1260,45.1,15.73,7
1250,46.1,15.36,7
1240,47.1,15.14,7
1260,47.1,14.94,7
1270,47.1,14.86,7
1270,47.1,14.86,7
1270,47.1,14.88,7
1270,47.1,14.83,7
1270,47.1,14.79,7
1270,47.1,14.77,7
1260,47.1,14.79,7
1260,47.1,14.82,6.6
1250,47.1,14.83,6.3
1240,46.6,14.82,6.1
1220,46.1,14.79,5.9
1220,46.6,14.82,5.5
1210,47.1,14.8,5.1
1180,46.6,14.82,5.1
1140,46.1,14.82,5.1
1130,46.6,14.8,4.9
1120,47.1,14.8,4.7
1090,47.6,14.83,4.7
1050,48.1,14.85,4.7
1040,48.1,14.86,4.5
1030,48.1,14.88,4.3
1010,48.6,14.98,4.3
980,49.1,15.1,4.3
980,48.6,15.13,3.7
970,48.1,15.19,3.1
960,48.1,15.29,2.7
940,48.1,15.29,2.3
940,48.6,15.24,2.3
940,49.1,15.19,2.3
950,48.6,15.13,2.2
960,48.1,15.1,2
950,48.6,15.02,2
940,49.1,14.95,2
950,48.6,14.96,2
950,48.1,14.96,2
930,48.1,14.88,2
900,48.1,14.82,2
900,48.6,14.76,2
900,49.1,14.77,2
910,49.6,14.77,2
920,50.1,14.79,2
920,50.1,14.79,2
920,50.1,14.76,2
920,49.6,14.7,2
920,49.1,14.63,2
920,49.1,14.66,2
910,49.1,14.66,2
920,49.1,14.61,2
920,49.1,14.58,2
930,49.1,14.64,2
940,49.1,14.63,2
930,49.1,14.63,2
920,49.1,14.63,2
920,49.1,14.67,2
910,49.1,14.7,2
910,49.1,14.73,2
910,49.1,14.74,2
920,49.1,14.74,2
920,49.1,14.71,2
920,49.6,14.67,2
920,50.1,14.64,2
920,50.1,14.66,2
910,50.1,14.66,2
910,50.1,14.67,2
900,50.1,14.67,2
900,50.6,14.71,2
900,51.1,14.74,2
900,51.1,14.7,2
900,51.1,14.64,2
900,50.6,14.61,2
900,50.1,14.58,2
910,50.6,14.51,2
910,51.1,14.52,2
920,50.6,14.52,2
920,50.1,14.52,2
930,49.6,14.54,2
940,49.1,14.58,2
930,49.1,14.63,2
910,49.1,14.66,2
910,49.6,14.69,2
900,50.1,14.7,2
890,50.1,14.69,2
870,50.1,14.71,2
860,51.1,14.76,2
850,52.1,14.73,2
850,52.1,14.73,2
840,52.1,14.66,2
840,52.6,14.58,2
830,53.1,14.51,2
860,53.1,14.45,2.2
880,53.1,14.41,2.3
890,53.1,14.33,3.3
890,53.1,14.29,4.3
910,54.1,14.26,5.1
920,55.1,14.26,5.9
960,55.1,14.36,6.1
990,55.1,14.51,6.3
1030,54.1,14.63,6.6
1070,53.1,14.82,7
1110,52.6,15.07,7
1140,52.1,15.27,7
1160,51.6,15.35,7.2
1180,51.1,15.32,7.4
1200,50.6,15.19,7.4
1220,50.1,15.11,7.4
1220,49.6,15.07,7.4
1220,49.1,15.02,7.4
1220,48.6,15.04,7.6
1220,48.1,15.02,7.8
1220,48.6,14.98,8.4
1220,49.1,14.94,9
1240,49.6,14.94,9
1250,50.1,15.04,9
1270,49.6,15.2,9.4
1280,49.1,15.23,9.8
1300,49.6,15.17,9.8
1320,50.1,15.16,9.8
1330,49.6,15.17,10
1340,49.1,15.11,10.2
1350,49.6,14.99,10.2
1360,50.1,14.96,10.2
1370,50.1,14.88,10.4
1370,50.1,14.8,10.6
1380,50.1,14.76,10.9
1390,50.1,14.76,11.3
1400,50.6,14.73,11.5
1410,51.1,14.79,11.7
1430,50.6,14.74,11.7
1440,50.1,14.6,11.7
1440,49.6,14.64,11.7
1440,49.1,14.58,11.7
1450,49.6,14.63,12.1
1450,50.1,14.66,12.5
1460,50.6,14.7,12.9
1470,51.1,14.67,13.3
1480,51.1,14.71,13.7
1490,51.1,14.77,14.1
1520,51.1,14.73,14.1
1540,51.1,14.7,14.1
1560,50.1,14.71,14.3
1570,49.1,14.76,14.5
1580,49.1,14.96,14.5
1590,49.1,15.17,14.5
1600,48.1,15.23,14.5
1600,47.1,15.3,14.5
1610,47.6,15.32,14.9
1620,48.1,15.35,15.2
1620,48.1,15.27,15.4
1620,48.1,15.38,15.6
1630,48.6,15.41,16.3
1640,49.1,15.52,16.9
1670,49.1,15.57,17.1
1690,49.1,15.55,17.3
1710,50.1,15.48,17.5
1730,51.1,15.58,17.7
1760,50.6,15.42,18.1
1780,50.1,15.3,18.5
1800,49.1,15.14,18.5
1810,48.1,14.96,18.5
1820,49.1,14.82,18.5
1820,50.1,14.83,18.5
1840,49.1,14.76,18.5
1860,48.1,14.7,18.5
1870,48.6,14.63,18.7
1870,49.1,14.45,18.9
1880,49.1,14.27,18.9
1890,49.1,14.24,18.9
1900,49.1,14.08,18.9
1900,49.1,13.91,18.9
1910,48.6,13.76,18.9
1920,48.1,13.66,18.9
1930,48.1,13.44,18.9
1930,48.1,13.33,18.9
1940,48.1,13.26,18.9
1950,48.1,13.17,18.9
1960,48.1,13.13,18.9
1970,48.1,13.04,18.9
1980,48.1,12.95,19.3
1980,48.1,12.86,19.6
1990,48.1,12.76,19.6
1990,48.1,12.73,19.6
2000,48.1,12.64,19.6
2000,48.1,12.6,19.6
2010,48.1,12.55,19.6
2010,48.1,12.49,19.6
2020,48.6,12.44,19.6
2030,49.1,12.41,19.6
2040,49.6,12.35,19.8
2040,50.1,12.35,20
2050,49.6,12.38,20
2050,49.1,12.29,20
1960,49.6,12.32,20.2
1870,50.1,12.29,20.4
1860,51.6,12.22,20.8
1840,53.1,12.45,21.2
1840,52.6,13.1,21.2
1840,52.1,13.92,21.2
1850,52.1,14.24,21.2
1850,52.1,14.35,21.2
1860,52.1,14.45,21.2
1870,52.1,14.45,21.2
1880,53.1,14.3,21.2
1880,54.1,14.3,21.2
1890,53.1,14.19,21.4
1890,52.1,14.11,21.6
1890,53.1,14.01,21.6
1890,54.1,13.97,21.6
1900,53.6,13.92,21.6
1910,53.1,13.91,21.6
1910,53.1,13.82,21.6
1910,53.1,13.77,21.6
1910,53.6,13.76,21.6
1910,54.1,13.74,21.6
1920,53.6,13.63,21.6
1920,53.1,13.47,21.6
1920,52.6,13.44,21.6
1920,52.1,13.42,21.6
1920,53.1,13.41,21.6
1920,54.1,13.3,21.6
1930,53.6,13.3,21.4
1930,53.1,13.36,21.2
1940,53.1,13.38,21.2
1940,53.1,13.32,21.2
1940,52.1,13.24,20.8
1930,51.1,13.24,20.4
1920,51.1,13.22,19.5
1910,51.1,13.19,18.5
1910,49.6,13.19,17.7
1900,48.1,13.14,16.9
1870,47.6,13.11,16.3
1830,47.1,13.29,15.6
1820,45.6,13.55,15.1
1800,44.1,13.95,14.5
1770,44.6,14.23,14.3
1740,45.1,14.49,14.1
1740,45.1,14.73,14.1
1730,45.1,14.85,14.1
1710,45.1,15.05,14.1
1690,45.1,15.32,14.1
1690,45.1,15.46,13.7
1680,45.1,15.54,13.3
1680,45.1,15.49,13.1
1680,45.1,15.63,12.9
1670,45.6,15.42,12.9
1660,46.1,15.63,12.9
1660,46.1,15.55,12.9
1650,46.1,15.49,12.9
1640,45.1,15.6,12.1
1630,44.1,15.68,11.3
1610,44.6,15.67,11.3
1590,45.1,15.7,11.3
1570,45.6,15.6,10.9
1550,46.1,15.67,10.6
1540,46.1,15.66,10.4
1520,46.1,15.51,10.2
1510,46.1,15.43,10.2
1500,46.1,15.35,10.2
1480,46.6,15.27,10.2
1460,47.1,15.2,10.2
1460,47.6,15.08,10
1450,48.1,14.95,9.8
1450,47.6,14.95,9.4
1450,47.1,14.92,9
1440,47.1,14.86,8.8
1420,47.1,14.74,8.6
1420,47.1,14.76,8.2
1410,47.1,14.73,7.8
1390,47.1,14.66,7.8
1370,47.1,14.57,7.8
1360,46.6,14.57,7.6
1340,46.1,14.57,7.4
1340,46.1,14.55,6.8
1330,46.1,14.6,6.3
1320,45.6,14.69,6.3
1310,45.1,14.74,6.3
1290,45.6,14.71,6.3
1270,46.1,14.73,6.3
1250,45.6,14.7,6.1
1230,45.1,14.7,5.9
1220,45.6,14.7,5.9
1200,46.1,14.67,5.9
1190,46.6,14.77,5.9
1170,47.1,14.74,5.9
1160,47.6,14.79,5.9
1140,48.1,14.82,5.9
1120,48.1,14.85,5.5
1100,48.1,14.88,5.1
1080,48.6,14.89,5.1
1060,49.1,14.86,5.1
1040,49.6,14.92,5.1
1020,50.1,14.95,5.1
1020,50.1,15.04,5.1
1020,50.1,15.13,5.1
1030,50.6,15.19,5.1
1030,51.1,15.24,5.1
1050,50.6,15.24,4.9
1070,50.1,15.2,4.7
1070,49.6,15.2,4.1
1060,49.1,15.13,3.5
1050,48.6,15.11,3.5
1040,48.1,15.08,3.5
1050,48.1,15.08,3.5
1050,48.1,15.01,3.5
1040,48.1,15.01,3.5
1030,48.1,14.95,3.5
1010,48.6,14.98,3.5
980,49.1,14.95,3.5
970,49.1,14.98,3.5
950,49.1,14.99,3.5
940,49.6,15.02,3.5
920,50.1,15.08,3.5
920,50.6,15.11,3.5
910,51.1,15.07,3.5
930,50.6,15.07,3.5
950,50.1,15.02,3.5
940,50.1,14.99,3.5
920,50.1,14.98,3.5
920,50.6,14.94,3.5
920,51.1,14.94,3.5
940,50.6,14.94,3.5
960,50.1,14.99,3.5
960,50.1,15.01,3.5
960,50.1,15.02,3.5
970,50.1,15.02,3.5
970,50.1,15.08,3.5
950,50.1,15.11,3.5
930,50.1,15.11,3.5
930,50.6,15.13,3.5
930,51.1,15.05,3.5
930,51.6,15.04,3.5
920,52.1,15.02,3.5
930,51.6,14.99,3.5
940,51.1,15.01,3.5
950,50.6,15.01,3.5
950,50.1,14.99,3.5
950,50.1,14.98,3.9
950,50.1,14.91,4.3
960,50.1,14.96,4.3
970,50.1,15.04,4.3
990,50.1,15.07,4.5
1000,50.1,15.13,4.7
1010,50.6,15.14,4.9
1010,51.1,15.14,5.1
1010,51.1,15.24,5.1
1000,51.1,15.33,5.1
1030,50.6,15.33,5.1
1060,50.1,15.35,5.1
1060,50.1,15.36,5.5
1060,50.1,15.35,5.9
1080,49.6,15.3,5.9
1100,49.1,15.08,5.9
1100,49.1,15.27,5.9
1100,49.1,15.23,5.9
1110,49.1,15.2,5.9
1120,49.1,15.16,5.9
1120,49.1,15.13,6.1
1120,49.1,15.08,6.3
1130,49.6,15.02,6.8
1130,50.1,14.99,7.4
1150,50.6,14.99,7.4
1170,51.1,14.99,7.4
1180,51.1,15.02,8
1180,51.1,15.01,8.6
1210,50.6,14.96,8.8
1240,50.1,14.99,9
1260,49.6,15.07,9
1270,49.1,15.08,9
1300,49.1,15.14,9
1330,49.1,15.11,9
1320,48.6,15.11,9
1310,48.1,15.1,9
1320,48.6,14.98,9
1320,49.1,14.91,9
1320,49.6,14.86,9.6
1320,50.1,14.85,10.2
1340,49.6,14.91,10.4
1350,49.1,14.92,10.6
1370,49.6,14.95,10.6
1390,50.1,14.98,10.6
1400,49.6,14.88,10.9
1410,49.1,14.83,11.3
1420,49.1,14.69,11.5
1430,49.1,14.55,11.7
1440,50.1,14.54,11.7
1440,51.1,14.61,11.7
1460,51.1,14.66,12.1
1470,51.1,14.7,12.5
1490,51.1,14.64,12.9
1500,51.1,14.64,13.3
1520,50.1,14.7,13.7
1540,49.1,14.7,14.1
1560,48.6,14.76,14.7
1570,48.1,14.77,15.2
1600,48.6,14.89,15.4
1620,49.1,14.94,15.6
1640,49.6,15.17,16.3
1660,50.1,15.1,16.9
1680,49.1,15.41,17.1
1690,48.1,15.42,17.3
1690,48.1,15.39,17.3
1690,48.1,15.45,17.3
1720,48.1,15.45,17.3
1750,48.1,15.38,17.3
1770,48.6,15.24,17.5
1790,49.1,15.08,17.7
1800,48.6,14.91,17.7
1810,48.1,14.88,17.7
1820,48.6,14.8,17.7
1820,49.1,14.79,17.7
1830,48.6,14.76,17.7
1830,48.1,14.74,17.7
1850,47.6,14.7,17.7
1860,47.1,14.64,17.7
1870,47.1,14.55,17.7
1870,47.1,14.41,17.7
1880,47.1,14.3,17.7
1880,47.1,14.19,17.7
1900,47.1,14.08,17.7
1910,47.1,13.89,17.7
1920,47.1,13.82,17.7
1920,47.1,13.69,17.7
1920,47.1,13.61,17.7
1920,47.1,13.51,17.7
1930,47.1,13.52,17.7
1930,47.1,13.38,17.7
1940,47.1,13.19,17.7
1950,47.1,13.11,17.7
1960,47.1,13.14,17.7
1960,47.1,13.19,17.7
1970,47.1,13.05,17.7
1970,47.1,12.91,17.7
1970,47.1,12.86,17.7
1970,47.1,12.83,17.7
1900,47.1,12.77,17.7
1830,47.1,12.7,17.7
1800,48.1,12.64,17.7
1760,49.1,12.86,17.7
1740,49.1,13.54,17.7
1710,49.1,14.35,17.7
1710,49.1,14.91,17.7
1710,49.1,15.17,17.7
1720,49.1,15.2,17.7
1730,49.1,15.11,17.7
1740,49.6,15.11,17.7
1740,50.1,15.11,17.7
1750,49.6,15.08,17.7
1750,49.1,15.07,17.7
1760,49.6,14.92,17.7
1760,50.1,14.67,17.7
1760,50.1,14.89,17.7
1760,50.1,14.99,17.7
1760,49.6,14.96,17.7
1760,49.1,14.94,17.7
1770,49.1,14.89,17.7
1770,49.1,14.94,17.7
1770,49.6,14.92,17.7
1770,50.1,14.85,17.7
1770,49.1,14.89,17.7
1770,48.1,14.91,17.7
1770,48.1,14.85,17.7
1770,48.1,14.86,17.7
1780,48.1,14.89,17.7
1790,48.1,14.88,17.7
1790,48.6,14.8,17.7
1790,49.1,14.85,17.7
1800,49.1,14.82,17.7
1800,49.1,14.86,17.7
1800,49.1,14.82,17.7
1800,49.1,14.77,17.7
1800,48.6,14.74,17.7
1800,48.1,14.77,17.7
1800,48.6,14.79,17.7
1800,49.1,14.8,17.7
1810,48.6,14.77,17.7
1810,48.1,14.73,17.7
1810,48.6,14.66,17.7
1810,49.1,14.76,17.7
1810,48.6,14.77,17.7
1810,48.1,14.8,17.7
1820,47.6,14.73,17.7
1820,47.1,14.71,17.7
1830,47.1,14.7,17.7
1830,47.1,14.7,17.7
1830,47.6,14.67,17.7
1830,48.1,14.66,17.7
1840,48.1,14.66,17.7
1840,48.1,14.66,17.7
1840,48.6,14.63,17.7
1830,49.1,14.49,17.7
1840,49.1,14.45,17.7
1840,49.1,14.49,17.7
1850,49.1,14.52,17.7
1850,49.1,14.52,17.7
1850,48.1,14.52,17.7
1850,47.1,14.48,17.7
1850,47.6,14.45,17.7
1850,48.1,14.44,17.7
1850,47.6,14.46,17.7
1850,47.1,14.46,17.7
1860,47.6,14.39,17.7
1860,48.1,14.39,17.7
1870,47.1,14.35,17.7
1870,46.1,14.23,17.7
1870,46.1,14.14,17.7
1870,46.1,14.14,17.7
1870,46.1,14.11,17.7
1860,46.1,14.16,17.7
1870,46.6,14.16,17.7
1880,47.1,14.2,17.7
1880,46.6,14.17,17.7
1880,46.1,14.16,17.7
1890,46.6,14.08,17.7
1890,47.1,13.95,17.7
1890,47.6,13.98,17.7
1880,48.1,13.94,17.7
1890,48.1,13.86,17.7
1900,48.1,13.89,17.7
1900,47.1,13.95,17.7
1900,46.1,13.86,17.7
1900,46.6,13.85,17.7
1900,47.1,13.83,17.7
1900,47.6,13.85,17.7
1900,48.1,13.82,17.7
1900,47.6,13.79,17.7
1900,47.1,13.77,17.7
1900,47.1,13.82,17.7
1900,47.1,13.82,17.7
1900,46.6,13.79,17.7
1900,46.1,13.83,17.7
1900,46.6,13.76,17.7
1900,47.1,13.73,17.7
1910,47.1,13.66,17.7
1910,47.1,13.64,17.7
1910,47.6,13.38,17.7
1910,48.1,13.61,17.7
1870,47.1,13.57,17.7
1820,46.1,13.47,17.7
1790,47.1,13.55,17.7
1750,48.1,13.77,17.7
1730,49.1,14.29,17.7
1700,50.1,14.74,17.7
1710,50.6,14.96,17.7
1710,51.1,15.19,17.7
1720,50.6,15.2,17.7
1720,50.1,15.17,17.7
1720,50.6,15.16,17.7
1720,51.1,15.14,17.7
1730,51.1,15.07,17.7
1730,51.1,15.04,17.7
1730,50.6,15.01,17.7
1730,50.1,15.07,17.7
1740,49.6,15.02,17.5
1740,49.1,15.04,17.3
1740,49.6,15.04,17.3
1730,50.1,15.04,17.3
1730,49.6,15.07,17.3
1730,49.1,15.08,17.3
1730,49.1,15.01,17.3
1720,49.1,15.07,17.3
1730,49.1,15.11,17.3
1730,49.1,15.17,17.3
1730,49.6,15.17,17.3
1730,50.1,15.14,17.3
1730,49.6,15.08,17.3
1720,49.1,15.2,17.3
1720,49.1,15.21,17.3
1720,49.1,15.26,17.3
1730,49.1,15.23,17.3
1730,49.1,15.24,17.3
1730,49.1,15.16,17.3
1720,49.1,15.08,17.3
1720,48.6,15.2,17.3
1720,48.1,15.19,17.3
1720,48.1,15.27,17.3
1720,48.1,15.27,17.3
1730,48.1,15.24,17.3
1730,48.1,15.29,17.3
1730,48.1,15.21,17.3
1730,48.1,15.24,17.3
1740,49.1,15.19,17.3
1740,50.1,15.17,17.3
1740,50.1,15.24,17.3
1730,50.1,15.27,17.3
1730,50.6,15.21,18.1
1730,51.1,15.24,18.9
1760,52.1,15.19,19.6
1780,53.1,15.19,20.4
1820,55.1,15.19,22.2
1850,57.1,15.16,23.9
1910,57.1,15.16,23.9
1960,57.1,14.95,23.9
1970,57.6,14.42,23.9
1970,58.1,13.92,23.9
1980,57.6,13.57,23.9
1990,57.1,13.35,23.9
1990,57.1,13.32,23.9
1990,57.1,13.22,23.9
1990,57.1,13.19,23.9
1990,57.1,13.13,23.9
1990,56.6,13.14,23.9
1980,56.1,13.19,23.9
1990,57.1,13.19,23.9
1990,58.1,13.16,23.9
1990,57.6,13.23,23.9
1990,57.1,13.16,23.9
1990,56.6,13.22,23.9
1990,56.1,13.22,23.9
1990,56.6,13.19,23.6
1990,57.1,13.16,23.2
1990,57.1,13.13,21.8
1980,57.1,13.1,20.4
1970,55.1,13.13,20.4
1960,53.1,13.07,20.4
1940,52.1,12.91,20.2
1910,51.1,12.89,20
1910,51.1,13.3,20
1900,51.1,13.41,20
1890,50.6,13.66,19.8
1880,50.1,13.64,19.6
1880,50.1,13.72,19.1
1870,50.1,13.73,18.5
1860,50.1,13.66,18.5
1850,50.1,13.58,18.5
1840,49.1,13.82,18.1
1830,48.1,14.2,17.7
1820,48.1,14.2,17.5
1810,48.1,14.26,17.3
1810,47.6,14.36,17.3
1800,47.1,14.46,17.3
1790,48.1,14.48,17.3
1780,49.1,14.54,17.3
1770,49.1,14.73,17.1
1760,49.1,14.82,16.9
1760,49.1,14.99,16.9
1750,49.1,15.05,16.9
1750,48.1,15.05,16.3
1740,47.1,15.05,15.6
1740,46.6,15.14,15.6
1730,46.1,15.1,15.6
1710,47.1,15.17,15.4
1690,48.1,15.35,15.2
1680,47.6,15.32,14.9
1670,47.1,15.33,14.5
1660,46.1,15.42,13.9
1650,45.1,15.42,13.3
1640,46.1,15.39,13.1
1630,47.1,15.57,12.9
1620,47.1,15.71,12.9
1600,47.1,15.74,12.9
1590,47.1,15.68,12.9
1580,47.1,15.67,12.9
1580,47.6,15.66,12.7
1580,48.1,15.76,12.5
1580,47.6,15.64,12.5
1580,47.1,15.49,12.5
1590,47.1,15.02,12.5
1590,47.1,15.35,12.5
1590,47.1,15.45,12.1
1580,47.1,15.46,11.7
1570,46.6,15.52,10.9
1560,46.1,15.17,10.2
1550,46.1,15.51,10.2
1540,46.1,15.45,10.2
1520,45.6,15.45,10.2
1500,45.1,15.38,10.2
1490,46.1,15.24,10
1470,47.1,15.13,9.8
1470,47.6,14.96,9.8
1460,48.1,14.88,9.8
1440,47.6,14.82,9.4
1420,47.1,14.83,9
1430,47.1,14.76,9
1430,47.1,14.76,9
1440,47.6,14.79,9
1440,48.1,14.77,9
1440,48.1,14.76,9
1430,48.1,14.7,9
1430,47.6,14.71,8.8
1420,47.1,14.73,8.6
1420,47.1,14.66,8.2
1410,47.1,14.63,7.8
1410,47.1,14.61,7.8
1400,47.1,14.61,7.8
1390,47.1,14.6,7.6
1380,47.1,14.58,7.4
1380,47.1,14.57,7.4
1370,47.1,14.57,7.4
1360,46.6,14.57,7.4
1350,46.1,14.58,7.4
1350,46.6,14.61,7.4
1350,47.1,14.64,7.4
1350,46.6,14.69,6.6
1340,46.1,14.67,5.9
1330,45.6,14.7,5.5
1310,45.1,14.67,5.1
1300,45.1,14.64,4.9
1280,45.1,14.66,4.7
1270,44.6,14.55,4.1
1260,44.1,14.57,3.5
1230,43.6,14.58,2.7
1190,43.1,14.58,2
1140,43.1,14.57,1.8
1090,43.1,14.55,1.6
1060,44.1,14.57,1.6
1020,45.1,14.58,1.6
990,45.6,14.64,1.6
950,46.1,14.7,1.6
950,46.6,14.73,1.6
940,47.1,14.8,1.6
920,47.6,14.85,1.2
890,48.1,14.88,0.8
890,49.1,14.85,0.8
890,50.1,14.74,0.8
890,50.1,14.74,0.8
880,50.1,14.67,0.8
880,50.6,14.58,0.6
870,51.1,14.51,0.4
900,51.1,14.42,0.4
920,51.1,14.41,0.4
950,49.6,14.35,0.4
970,48.1,14.26,0.4
1030,47.6,14.2,0.2
1080,47.1,14.16,0
1070,46.1,14.23,0
1050,45.1,14.35,0
1040,44.6,14.42,0
1020,44.1,14.45,0
1000,44.6,14.51,0.2
970,45.1,14.55,0.4
950,45.6,14.58,0.2
930,46.1,14.64,0
920,46.6,14.71,0
900,47.1,14.67,0
900,47.6,14.67,0.2
900,48.1,14.66,0.4
910,48.6,14.58,0.2
910,49.1,14.51,0
910,49.1,14.44,0
900,49.1,14.38,0
900,48.6,14.32,0
890,48.1,14.27,0
900,48.6,14.29,0.2
910,49.1,14.33,0.4
920,48.6,14.29,0.2
920,48.1,14.32,0
930,48.1,14.3,0
940,48.1,14.32,0
930,48.1,14.33,0.2
910,48.1,14.32,0.4
900,48.6,14.36,0.4
890,49.1,14.42,0.4
890,49.1,14.44,0.4
880,49.1,14.44,0.4
870,50.1,14.38,0.2
860,51.1,14.39,0
870,51.1,14.36,0.2
870,51.1,14.29,0.4
870,51.1,14.29,0.4
870,51.1,14.23,0.4
870,51.1,14.23,0.4
860,51.1,14.14,0.4
860,51.1,14.08,0.4
860,51.1,14.11,0.4
880,50.6,13.99,0.4
900,50.1,14.01,0.4
910,50.1,13.99,0.4
920,50.1,13.99,0.4
920,49.6,14.04,0.4
910,49.1,14.1,0.4
890,49.6,14.14,0.4
860,50.1,14.21,0.4
860,50.6,14.29,0.6
850,51.1,14.32,0.8
840,51.6,14.32,1.4
820,52.1,14.29,2
830,52.6,14.24,2.2
830,53.1,14.14,2.3
860,53.6,14.08,2.9
880,54.1,13.99,3.5
930,53.1,14.01,4.1
980,52.1,14.07,4.7
1030,52.1,14.3,4.7
1070,52.1,14.33,4.7
1110,50.6,14.57,4.7
1150,49.1,14.7,4.7
1220,48.1,14.86,4.7
1280,47.1,14.92,4.7
1290,46.1,14.82,4.9
1300,45.1,14.64,5.1
1310,44.1,14.57,5.1
1320,43.1,14.66,5.1
1310,43.1,14.66,5.1
1290,43.1,14.66,5.1
1290,43.6,14.64,5.1
1280,44.1,14.58,5.1
1280,43.6,14.55,5.1
1280,43.1,14.46,5.1
1280,43.1,14.49,5.1
1280,43.1,14.52,5.1
1280,43.6,14.51,5.1
1280,44.1,14.57,5.1
1280,44.1,14.6,5.1
1280,44.1,14.63,5.1
1290,43.6,14.64,5.1
1300,43.1,14.67,5.1
1300,43.1,14.67,5.1
1300,43.1,14.67,5.1
1310,42.6,14.69,5.1
1310,41.9,14.74,5.1
1310,42.6,14.73,5.1
1300,43.1,14.71,5.1
1310,43.1,14.67,5.1
1310,43.1,14.66,5.1
1320,42.6,14.66,5.1
1320,41.9,14.67,5.1
1340,42.6,14.67,5.5
1350,43.1,14.7,5.9
1360,43.1,14.73,6.1
1360,43.1,14.7,6.3
1370,43.6,14.67,7
1370,44.1,14.67,7.8
1390,44.6,14.67,9.2
1400,45.1,14.69,10.6
1420,47.1,14.73,11.1
1430,49.1,14.8,11.7
1490,48.6,14.83,12.3
1550,48.1,14.82,12.9
1590,47.6,14.79,13.5
1620,47.1,14.73,14.1
1650,46.1,14.77,14.3
1680,45.1,15.02,14.5
1680,46.1,15.2,14.5
1670,47.1,15.36,14.5
1680,47.1,15.54,15.2
1680,47.1,15.7,16
1720,48.1,15.66,16.9
1750,49.1,15.58,17.7
1780,49.6,15.64,18.7
1800,50.1,15.66,19.6
1850,50.6,15.38,19.6
1900,51.1,15.04,19.6
1910,50.6,14.69,19.8
1920,50.1,14.2,20
1940,50.6,13.82,20.2
1960,51.1,13.48,20.4
1970,52.1,13.22,21
1980,53.1,13.07,21.6
2010,52.6,12.98,22
2030,52.1,12.86,22.4
2040,53.1,12.76,22.6
2040,54.1,12.77,22.8
2060,54.1,12.8,22.8
2080,54.1,12.51,22.8
2090,54.1,12.72,22.8
2100,54.1,12.72,22.8
2110,53.6,12.67,23
2120,53.1,12.63,23.2
2130,53.1,12.6,23.2
2140,53.1,12.55,23.2
2160,53.6,12.54,23.2
2170,54.1,12.47,23.2
2180,54.1,12.45,23.6
2180,54.1,12.52,23.9
2200,54.1,12.55,24.1
2220,54.1,12.61,24.3
2240,54.6,12.63,24.9
2250,55.1,12.64,25.5
2270,55.1,12.69,25.5
2290,55.1,12.7,25.5
2320,55.1,12.73,25.7
2340,55.1,12.73,25.9
2350,54.6,12.73,25.9
2360,54.1,12.72,25.9
2380,54.1,12.74,25.9
2390,54.1,12.73,25.9
2400,54.1,12.73,26.3
2410,54.1,12.77,26.7
2400,54.6,12.72,26.7
2380,55.1,12.6,26.7
2210,57.6,12.61,26.7
2040,60.1,12.95,26.7
2020,62.1,13.17,27.3
2000,64.1,13.23,27.9
2030,64.1,13.23,28.1
2050,64.1,13.32,28.3
2070,65.1,13.35,28.8
2080,66.1,13.42,29.4
2100,67.1,13.44,29.6
2110,68,13.47,29.8
2130,68,13.58,30.2
2140,68,13.58,30.6
2160,68,13.64,30.6
2170,68,13.52,30.6
2170,69,13.55,31
2170,70,13.47,31.4
2200,70.5,13.76,32
2220,71,13.92,32.6
2230,71,14.04,32.9
2240,71,14.05,33.3
2320,71,13.99,33.3
2400,71,14.1,33.3
2410,70,14.07,33.3
2420,69,14.33,33.3
2430,69,14.42,33.3
2440,69,14.39,33.3
2440,69,14.44,33.3
2440,69,14.35,33.3
2450,69,14.35,33.3
2450,69,14.36,33.3
2460,68.5,14.32,33.5
2460,68,14.33,33.7
2470,68,14.33,33.5
2480,68,14.23,33.3
2490,68,14.26,33.3
2490,68,14.21,33.3
2500,68,14.16,33.3
2500,68,14.08,33.3
2510,68,14.1,33.3
2510,68,13.98,33.3
2510,68.5,14.11,33.3
2510,69,14.01,33.3
2520,68.5,14.01,33.3
2520,68,13.95,33.3
2530,68,13.99,33.3
2530,68,13.94,33.3
2540,68,13.94,33.3
2540,68,13.89,33.3
2540,67.6,13.88,33.3
2540,67.1,13.94,33.3
2550,67.1,13.8,32.9
2550,67.1,13.79,32.6
2550,67.1,13.73,32.6
2550,67.1,13.66,32.6
2550,66.6,13.67,32.6
2550,66.1,13.57,32.6
2550,66.1,13.52,32.6
2550,66.1,13.52,32.6
2560,66.1,13.49,32.6
2570,66.1,13.44,32.6
2580,66.1,13.49,32.6
2580,66.1,13.47,32.6
2580,65.6,13.44,32.6
2580,65.1,13.38,32.6
2580,65.1,13.26,32.6
2580,65.1,13.33,32.6
2580,65.6,13.36,32.6
2580,66.1,13.38,32.6
2580,65.6,13.38,32.6
2580,65.1,13.33,32.6
2590,65.6,13.33,32.6
2590,66.1,13.33,32.6
2600,65.6,13.35,32.6
2600,65.1,13.35,32.6
2610,65.1,13.35,32.6
2610,65.1,13.32,32.6
2610,65.1,13.23,32.6
2610,65.1,13.19,32.6
2620,65.6,13.23,32.9
2620,66.1,13.24,33.3
2630,67.1,13.32,33.5
2640,68,13.38,33.7
2660,68,13.42,33.9
2680,68,13.39,34.1
2690,68,13.39,34.1
2690,68,13.38,34.1
2690,68.5,13.55,34.1
2680,69,13.42,34.1
2680,68.5,13.35,34.1
2680,68,13.35,34.1
2690,67.6,13.35,33.9
2690,67.1,13.35,33.7
2690,67.1,13.35,33.1
2680,67.1,13.35,32.6
2680,65.1,13.35,32
2670,63.1,13.35,31.4
2620,60.6,13.35,29.2
2570,58.1,13.35,27.1
2540,56.1,13.35,26.9
2500,54.1,13.35,26.7
2460,54.1,13.35,26.7
2410,54.1,13.35,26.7
2260,55.6,13.35,26.1
2100,57.1,13.35,25.5
2090,58.1,13.35,25.3
2080,59.1,13.35,25.1
2070,58.6,13.35,24.7
2060,58.1,13.35,24.3
2060,57.6,13.35,24.3
2050,57.1,13.35,24.3
2050,56.1,13.35,23.6
2050,55.1,13.35,22.8
2040,54.6,13.35,22.6
2020,54.1,13.35,22.4
2010,53.1,13.35,21.8
2000,52.1,13.35,21.2
1990,51.6,13.35,20
1970,51.1,13.35,18.9
1960,49.6,13.35,18.3
1950,48.1,13.35,17.7
1940,48.1,13.35,17.7
1920,48.1,13.35,17.7
1910,48.1,13.35,17.5
1890,48.1,13.35,17.3
1890,47.6,13.35,17.1
1890,47.1,13.35,16.9
1890,46.1,13.35,16.5
1880,45.1,13.35,16
1870,45.1,13.35,15.8
1860,45.1,13.35,15.6
1850,45.1,13.35,15.6
1840,45.1,13.35,15.6
1830,45.1,13.35,13.7
1810,45.1,13.35,11.7
1800,43.1,13.35,10.9
1780,40.9,13.35,10.2
1720,40.9,13.35,10.2
1660,40.9,13.35,10.2
1620,41.4,13.35,10.2
1580,41.9,13.35,10.2
1580,42.6,13.35,10
1580,43.1,13.35,9.8
1590,42.6,13.35,9.8
1590,41.9,13.35,9.8
1590,41.9,13.35,9.4
1590,41.9,13.35,9
1580,41.9,13.35,8.8
1570,41.9,13.35,8.6
1570,41.9,13.35,8.2
1560,41.9,13.35,7.8
1540,41.9,13.35,7.6
1520,41.9,13.35,7.4
1520,41.4,13.35,6.6
1520,40.9,13.35,5.9
1480,40.9,13.35,5.9
1440,40.9,13.35,5.9
1430,41.4,13.35,5.9
1410,41.9,13.35,5.9
1400,41.9,13.35,5.5
1390,41.9,13.35,5.1
1380,41.9,13.35,5.1
1370,41.9,13.35,5.1
1370,41.9,13.35,5.1
1370,41.9,13.35,5.1
1370,41.9,13.35,5.1
1370,41.9,13.35,5.1
1370,41.9,13.35,4.9
1360,41.9,13.35,4.7
1360,41.9,13.35,4.7
1350,41.9,13.35,4.7
1350,41.4,13.35,3.9
1350,40.9,13.35,3.1
1330,40.4,13.35,2.5
1300,39.9,13.35,2
1290,39.9,13.35,2
1270,39.9,13.35,2
1260,40.4,13.35,2
1250,40.9,13.35,2
1240,40.4,13.35,2
1220,39.9,13.35,2
1190,40.4,13.35,1.8
1160,40.9,13.35,1.6
1150,41.4,13.35,1.6
1140,41.9,13.35,1.6
1110,41.9,13.35,1.2
1080,41.9,13.35,0.8
1070,43.1,13.35,0.8
1060,44.1,13.35,0.8
1050,44.1,13.35,0.8
1030,44.1,13.35,0.8
1550,47.1,15.13,11.3
1550,47.1,15.16,11.3
1540,47.1,14.83,11.3
1550,47.1,15.21,11.3
1550,47.1,15.16,11.3
1550,47.1,15.14,11.3
1550,47.1,15.1,11.3
1550,46.6,15.08,11.3
1550,46.1,15.13,11.3
1550,46.6,15.2,11.3
1550,47.1,15.2,11.3
1550,47.1,15.17,11.3
1550,47.1,15.2,11.3
1560,47.1,15.24,11.3
1560,47.1,15.27,11.3
1570,47.1,15.3,11.3
1570,47.1,15.26,11.3
1570,47.6,15.19,12.7
1570,48.1,15.17,14.1
1600,48.6,15.23,14.3
1620,49.1,15.3,14.5
1630,49.1,15.26,14.9
1640,49.1,15.24,15.2
1650,48.6,15.26,15.4
1660,48.1,15.35,15.6
1670,48.6,15.46,15.8
1680,49.1,15.55,16
1690,49.1,15.58,16.5
1700,49.1,15.66,16.9
1720,48.6,15.54,17.1
1730,48.1,15.39,17.3
1740,49.1,15.35,17.3
1750,50.1,15.33,17.3
1760,49.1,15.21,17.3
1770,48.1,15.11,17.3
1780,49.1,14.99,17.5
1780,50.1,14.92,17.7
1790,50.1,14.92,17.7
1800,50.1,14.94,17.7
1800,50.1,14.92,17.7
1800,50.1,14.86,17.7
1810,49.1,14.76,18.1
1810,48.1,14.73,18.5
1810,48.6,14.77,18.5
1810,49.1,14.8,18.5
1820,48.6,14.83,18.5
1830,48.1,14.82,18.5
1840,48.1,14.71,18.5
1840,48.1,14.64,18.5
1840,48.6,14.61,18.5
1840,49.1,14.49,18.5
1850,49.1,14.45,18.5
1850,49.1,14.35,18.5
1860,49.6,14.3,18.7
1860,50.1,14.35,18.9
1860,49.6,14.26,18.9
1860,49.1,14.17,18.9
1860,49.1,14.16,18.9
1860,49.1,14.17,18.9
1860,49.1,14.2,18.9
1860,49.1,14.14,18.9
1870,48.6,14.14,18.9
1870,48.1,14.1,18.9
1880,48.6,14.02,18.9
1880,49.1,14.01,18.9
1880,49.1,13.91,18.9
1870,49.1,13.97,18.9
1880,48.6,13.97,18.9
1880,48.1,13.97,18.9
1880,48.1,13.85,18.9
1880,48.1,13.85,18.9
1890,48.1,13.91,18.9
1890,48.1,13.86,18.9
1890,48.6,13.79,18.9
1890,49.1,13.73,18.9
1890,48.6,13.66,18.9
1890,48.1,13.61,18.9
1900,48.1,13.54,18.9
1910,48.1,13.57,18.9
1910,48.6,13.6,18.9
1900,49.1,13.6,18.9
1910,49.1,13.54,18.9
1910,49.1,13.49,18.9
1910,48.6,13.47,18.9
1910,48.1,13.39,18.9
1920,48.6,13.35,18.9
1920,49.1,13.36,18.9
1930,48.6,13.36,18.9
1930,48.1,13.36,18.9
1930,48.6,13.27,18.9
1930,49.1,13.17,18.9
1930,48.6,13.22,18.9
1930,48.1,13.22,18.9
1940,48.1,13.17,18.9
1940,48.1,13.11,18.9
1950,48.1,13.1,19.3
1950,48.1,13.05,19.6
1950,48.6,12.94,19.6
1950,49.1,12.97,19.6
1950,49.1,13.04,19.8
1950,49.1,12.97,20
1960,50.1,12.97,20.2
1970,51.1,12.91,20.4
1980,50.6,12.85,20.4
1980,50.1,12.73,20.4
1990,50.6,12.64,20.4
2000,51.1,12.58,20.4
2000,51.1,12.45,20.4
2000,51.1,12.47,20.4
2010,51.6,12.45,20.8
2010,52.1,12.48,21.2
2010,52.1,12.47,21.2
2010,52.1,12.38,21.2
2030,52.1,12.36,21.4
2040,52.1,12.48,21.6
2050,51.6,12.52,21.6
2050,51.1,12.48,21.6
2050,51.6,12.48,22
2040,52.1,12.49,22.4
2050,52.1,12.55,22.4
2060,52.1,12.51,22.4
2070,52.1,12.52,22.4
2070,52.1,12.22,22.4
2080,53.1,12.49,22.4
2080,54.1,12.52,22.4
2090,53.6,12.55,22.6
2090,53.1,12.52,22.8
2090,53.6,12.55,22.8
2090,54.1,12.49,22.8
2100,54.1,12.54,22.8
2100,54.1,12.52,22.8
2100,53.6,12.57,22.8
2100,53.1,12.57,22.8
2110,53.1,12.55,22.8
2110,53.1,12.58,22.8
2110,52.6,12.58,22.8
2110,52.1,12.61,22.8
2120,52.1,12.55,22.8
2130,52.1,12.47,22.8
2130,52.6,12.44,22.8
2120,53.1,12.47,22.8
2130,53.1,12.52,22.8
2130,53.1,12.54,22.8
2130,53.1,12.54,22.8
2130,53.1,12.44,22.8
2130,53.1,12.44,22.8
2130,53.1,12.45,22.8
2130,53.6,12.49,22.8
2120,54.1,12.49,22.8
2100,54.1,12.44,22.8
2080,54.1,12.49,22.8
2010,55.1,12.58,22.8
1930,56.1,12.66,22.8
1930,55.6,12.8,22.8
1920,55.1,13.22,22.8
1920,55.1,13.54,22.8
1920,55.1,13.73,22.8
1920,55.1,13.86,22.8
1920,55.1,13.88,22.8
1930,55.1,13.86,23
1930,55.1,13.86,23.2
1930,55.1,13.85,23.2
1930,55.1,13.89,23.2
1930,55.1,13.77,23
1920,55.1,13.83,22.8
1940,55.1,13.76,22.8
1950,55.1,13.74,22.8
1960,55.6,13.85,23
1960,56.1,13.83,23.2
1960,56.1,13.79,23
1960,56.1,13.57,22.8
1960,55.6,13.47,22.8
1960,55.1,13.45,22.8
1970,55.6,13.39,22.8
1970,56.1,13.41,22.8
1970,55.6,13.38,23
1970,55.1,13.35,23.2
1970,55.6,13.35,23.2
1970,56.1,13.33,23.2
1970,56.1,13.35,23.2
1970,56.1,13.35,23.2
1970,55.6,13.24,23
1970,55.1,13.23,22.8
1970,55.1,13.17,23
1970,55.1,13.16,23.2
1980,55.1,13.23,23
1980,55.1,13.23,22.8
1980,55.1,13.23,22.8
1970,55.1,13.22,22.8
1980,55.1,13.24,22.8
1980,55.1,13.27,22.8
1980,55.6,13.17,22.8
1980,56.1,13.16,22.8
1980,55.1,13.16,22.8
1980,54.1,13.19,22.8
1980,54.6,13.16,22.8
1970,55.1,13.14,22.8
1970,55.1,13.14,22.6
1970,55.1,13.08,22.4
1970,54.6,13.19,22
1960,54.1,13.1,21.6
1960,54.1,13.05,21.4
1950,54.1,13.07,21.2
1950,54.1,13.17,21.2
1940,54.1,13.11,21.2
1940,52.6,13.17,21.2
1940,51.1,13.17,21.2
1940,52.1,13.17,21.2
1930,53.1,13.22,21.2
1930,52.6,13.16,20.6
1930,52.1,13.16,20
1920,50.6,13.17,19.5
1900,49.1,13.19,18.9
1900,49.6,13.19,18.9
1890,50.1,13.24,18.9
1880,48.6,13.51,18.3
1860,47.1,13.72,17.7
1850,47.6,13.79,17.5
1840,48.1,14.04,17.3
1830,47.6,13.98,16.7
1820,47.1,13.97,16
1800,47.1,14.08,15.8
1770,47.1,14.27,15.6
1770,46.6,14.55,15.4
1760,46.1,14.73,15.2
1750,45.1,14.83,14.1
1730,44.1,14.94,12.9
1720,44.1,15.02,12.9
1700,44.1,15.14,12.9
1680,44.1,15.35,12.3
1650,44.1,15.86,11.7
1640,44.1,15.57,11.5
1630,44.1,15.55,11.3
1620,43.6,15.46,10.9
1610,43.1,15.6,10.6
1600,43.6,15.63,10.2
1590,44.1,15.58,9.8
1580,44.1,15.54,8.8
1570,44.1,15.49,7.8
1550,43.6,15.54,7.6
1520,43.1,15.63,7.4
1520,43.1,15.68,7.4
1520,43.1,15.61,7.4
1520,42.6,15.41,6.3
1510,41.9,15.1,5.1
1500,41.9,15.01,4.9
1480,41.9,14.98,4.7
1470,41.9,14.99,4.7
1460,41.9,14.99,4.7
1440,42.6,14.95,4.7
1410,43.1,14.83,4.7
1400,43.6,14.73,4.7
1390,44.1,14.7,4.7
1390,44.1,14.67,4.7
1390,44.1,14.64,4.7
1390,44.1,14.61,4.7
1390,44.1,14.55,4.7
1390,44.1,14.57,4.7
1380,44.1,14.6,4.7
1370,44.1,14.58,4.1
1360,44.1,14.55,3.5
1370,44.1,14.54,3.3
1370,44.1,14.51,3.1
1360,43.6,14.52,2.7
1340,43.1,14.49,2.3
1330,43.6,14.49,2.2
1320,44.1,14.49,2
1310,43.1,14.51,2
1290,41.9,14.48,2
1290,42.6,14.48,2
1280,43.1,14.52,2
1270,43.6,14.55,2
1260,44.1,14.51,2
1250,44.1,14.51,2
1240,44.1,14.52,2
1240,44.1,14.54,2
1240,44.1,14.6,2
1220,44.1,14.6,2
1200,44.1,14.63,2
1200,44.1,14.61,1.8
1190,44.1,14.7,1.6
1180,44.6,14.71,1.6
1170,45.1,14.76,1.6
1160,45.1,14.74,1.6
1150,45.1,14.76,1.6
1150,45.6,14.8,1.6
1150,46.1,14.85,1.6
1140,46.6,14.79,1.6
1130,47.1,14.74,1.6
1110,47.6,14.7,1.6
1080,48.1,14.67,1.6
1080,47.6,14.64,1.6
1070,47.1,14.67,1.6
1080,47.1,14.69,1.6
1080,47.1,14.76,1.6
1090,47.1,14.85,1.6
1090,47.1,14.88,1.6
1110,47.1,14.92,1.2
1130,47.1,14.94,0.8
1120,47.1,14.91,0.8
1100,47.1,14.85,0.8
1080,46.6,14.82,0.8
1060,46.1,14.71,0.8
1040,46.6,14.69,0.6
1010,47.1,14.71,0.4
1010,47.6,14.69,0.4
1000,48.1,14.73,0.4
990,48.1,14.82,0.4
970,48.1,14.89,0.4
960,49.1,14.96,0.4
940,50.1,14.98,0.4
940,49.6,14.96,0.4
930,49.1,14.96,0.4
940,49.6,14.96,0.2
940,50.1,14.95,0
940,50.1,14.88,0.2
940,50.1,14.8,0.4
940,50.6,14.76,0.4
940,51.1,14.74,0.4
950,51.1,14.76,0.4
950,51.1,14.79,0.4
960,50.6,14.83,0.2
970,50.1,14.83,0
980,49.6,14.76,0.2
990,49.1,14.7,0.4
990,49.1,14.7,1.2
980,49.1,14.79,2
980,51.1,14.94,4.5
980,53.1,14.94,7
1030,54.6,15.01,7.8
1070,56.1,15.1,8.6
1130,56.6,15.21,9.6
1190,57.1,15.45,10.6
1310,56.6,15.63,10.9
1430,56.1,15.39,11.3
1460,54.1,15.16,11.5
1490,52.1,14.95,11.7
1510,51.6,14.77,12.5
1520,51.1,14.67,13.3
1520,51.1,14.54,13.9
1520,51.1,14.66,14.5
1530,52.1,14.79,15.2
1540,53.1,14.88,16
1580,53.6,15.05,16.7
1620,54.1,15.08,17.3
1650,53.1,15.17,17.5
1670,52.1,15.19,17.7
1700,51.6,15.24,17.7
1720,51.1,15.26,17.7
1730,51.6,15.24,18.1
1730,52.1,15.27,18.5
1750,52.1,15.2,18.5
1760,52.1,15.16,18.5
1770,50.6,15.14,18.5
1770,49.1,14.99,18.5
1770,49.1,14.94,18.5
1770,49.1,14.88,18.5
1790,49.6,14.77,18.7
1810,50.1,14.86,18.9
1820,50.6,14.76,18.9
1830,51.1,14.71,18.9
1840,51.1,14.67,18.9
1840,51.1,14.55,18.9
1860,51.1,14.45,18.9
1870,51.1,14.36,18.9
1880,50.6,14.23,18.9
1880,50.1,14.14,18.9
1890,49.6,14.02,18.9
1900,49.1,13.86,18.9
1910,48.6,13.77,18.9
1910,48.1,13.64,18.9
1920,48.1,13.6,18.9
1920,48.1,13.58,18.9
1930,48.1,13.41,18.9
1940,48.1,13.27,18.9
1950,48.6,13.35,18.9
1950,49.1,13.08,18.9
1960,48.6,13.04,18.9
1960,48.1,12.97,18.9
1970,49.1,12.88,18.9
1970,50.1,12.83,18.9
1980,49.1,12.79,19.3
1980,48.1,12.76,19.6
1990,48.1,12.72,19.3
2000,48.1,12.6,18.9
2010,48.1,12.52,19.3
2020,48.1,12.45,19.6
2020,48.1,12.42,19.6
2020,48.1,12.47,19.6
2020,48.6,12.44,19.6
2020,49.1,12.41,19.6
1980,49.1,12.33,19.6
1930,49.1,12.35,19.6
1870,49.1,12.36,19.6
1800,49.1,12.44,19.6
1800,50.6,12.95,19.6
1800,52.1,13.77,19.6
1800,51.6,14.35,19.6
1800,51.1,14.55,19.6
1810,50.6,14.63,19.6
1810,50.1,14.58,19.6
1820,50.1,14.63,19.8
1820,50.1,14.58,20
1830,50.6,14.57,20
1840,51.1,14.54,20
1850,51.6,14.54,20.2
1850,52.1,14.46,20.4
1860,51.6,14.41,20.4
1860,51.1,14.38,20.4
1870,51.1,14.32,20.4
1870,51.1,14.23,20.4
1880,51.6,14.16,21
1890,52.1,14.07,21.6
1910,52.6,14.02,22
1920,53.1,13.98,22.4
1930,53.6,13.86,22.6
1940,54.1,13.8,22.8
1950,54.1,13.74,22.8
1950,54.1,13.54,22.8
1970,55.1,13.49,22.8
1980,56.1,13.44,22.8
1980,56.1,13.3,22.8
1980,56.1,13.26,22.8
1990,55.6,13.32,23
1990,55.1,13.24,23.2
2000,55.1,13.2,23.2
2000,55.1,13.16,23.2
2010,55.1,13.08,23.2
2010,55.1,12.94,23.2
2010,55.1,13.13,23.2
2010,55.1,13.11,23.2
2010,55.1,13.04,23.2
2010,55.1,12.97,23.2
2020,55.1,12.88,23.2
2020,55.1,12.89,23.2
2030,55.1,12.86,23.2
2030,55.1,12.86,23.2
2030,55.1,12.82,22.4
2020,55.1,12.77,21.6
2020,54.6,12.86,21.4
2020,54.1,12.85,21.2
1990,51.6,12.67,19.3
1960,49.1,12.67,17.3
1950,47.1,12.44,15
1930,45.1,12.3,12.5
1860,43.6,12.32,11.5
1780,41.9,12.52,10.6
1740,40.4,13.02,9
1700,38.9,13.85,7.4
1620,39.9,14.61,6.1
1540,40.9,15.17,4.7
1500,40.9,15.68,3.9
1460,40.9,15.89,3.1
1350,41.4,15.92,1.8
1240,41.9,15.82,0.4
1210,42.6,15.57,0.4
1180,43.1,15.16,0.4
1130,44.1,14.94,0.4
1080,45.1,14.85,0.4
1060,45.6,14.79,0.4
1040,46.1,14.79,0.4
1050,46.6,14.77,0.4
1050,47.1,14.77,0.4
1070,47.1,14.77,0.4
1080,47.1,14.77,0.4
1080,47.1,14.77,0.4
1070,47.1,14.79,0.4
1070,47.1,14.8,0.4
1070,47.1,14.79,0.4
1070,47.1,14.77,0.4
1060,47.1,14.73,0.4
1070,47.1,14.74,0.4
1070,47.1,14.74,0.4
1060,47.1,14.74,0.4
1050,47.1,14.79,0.4
1050,47.1,14.77,0.4
1050,47.1,14.74,0.4
1040,47.1,14.74,0.4
1030,47.1,14.76,0.4
1020,47.6,14.79,0.4
1010,48.1,14.83,0.4
1030,47.6,14.86,0.4
1050,47.1,14.88,0.4
1090,47.1,14.92,0.2
1120,47.1,14.92,0
1120,46.6,14.91,0
1120,46.1,14.86,0
1110,46.1,14.79,0
1100,46.1,14.69,0
1100,46.1,14.63,0
1100,46.1,14.61,0
1090,46.1,14.58,0
1070,46.1,14.61,0
1060,46.1,14.57,0
1050,46.1,14.54,0
1040,46.6,14.57,0
1030,47.1,14.57,0
1020,47.1,14.6,0.2
1010,47.1,14.64,0.4
1000,47.1,14.71,0.2
980,47.1,14.73,0
980,47.6,14.77,0.2
980,48.1,14.86,0.4
980,48.6,14.89,0.2
980,49.1,15.02,0
980,48.6,14.89,0.2
980,48.1,14.92,0.4
960,48.1,14.94,0.4
940,48.1,14.88,0.4
930,49.1,14.99,0.4
920,50.1,15.02,0.4
920,50.6,14.95,0.2
920,51.1,14.91,0
930,50.6,14.85,0.2
940,50.1,14.76,0.4
960,50.6,14.74,0.4
970,51.1,14.77,0.4
980,50.1,14.67,0.2
980,49.1,14.64,0
980,49.1,14.54,0
980,49.1,14.63,0
970,49.1,14.7,0
950,49.1,14.74,0
950,49.6,14.82,0
940,50.1,14.83,0
940,50.1,14.8,0
930,50.1,14.77,0
930,49.6,14.76,0
930,49.1,14.69,0
930,49.6,14.64,0
930,50.1,14.57,0
940,50.1,14.57,0
940,50.1,14.58,0
940,50.1,14.64,0
940,50.1,14.64,0
940,50.6,14.61,0.2
940,51.1,14.57,0.4
940,50.6,14.61,0.2
930,50.1,14.7,0
940,50.1,14.64,0
950,50.1,14.61,0
940,49.6,14.6,0.2
930,49.1,14.63,0.4
940,49.6,14.66,0.4
940,50.1,14.63,0.4
940,50.6,14.61,0.4
940,51.1,14.63,0.4
940,50.6,14.64,0.2
930,50.1,14.61,0
930,50.1,14.58,0
930,50.1,14.6,0
940,50.1,14.61,0
950,50.1,14.61,0
930,50.1,14.64,0.2
910,50.1,14.69,0.4
930,50.1,14.7,0.2
940,50.1,14.73,0
950,50.1,14.7,0.2
950,50.1,14.71,0.4
970,49.6,14.7,0.2
930,51.1,15.08,0.4
940,50.6,15.04,0.4
950,50.1,14.99,0.4
960,50.6,14.95,1
960,51.1,14.96,1.6
970,52.1,15.02,3.3
980,53.1,15.11,5.1
1030,53.6,15.16,5.1
1070,54.1,15.2,5.1
1100,53.1,15.32,5.1
1130,52.1,15.45,5.1
1180,52.1,15.48,6.1
1220,52.1,15.43,7
1230,52.6,15.35,8
1240,53.1,15.19,9
1310,53.1,15.19,9.8
1380,53.1,15.26,10.6
1400,53.6,15.32,11.5
1410,54.1,15.32,12.5
1430,53.6,15.3,12.5
1450,53.1,15.17,12.5
1470,52.6,15.04,12.9
1480,52.1,14.8,13.3
1520,52.1,14.95,14.3
1550,52.1,14.85,15.2
1560,51.6,14.85,15.4
1570,51.1,14.85,15.6
1590,51.6,15.01,16.3
1610,52.1,15.29,16.9
1620,51.6,15.43,17.1
1630,51.1,15.55,17.3
1650,50.6,15.49,17.3
1670,50.1,15.48,17.3
1690,50.1,15.52,17.5
1700,50.1,15.54,17.7
1720,50.1,15.63,17.7
1730,50.1,15.6,17.7
1740,49.6,15.6,18.1
1740,49.1,15.49,18.5
1750,49.1,15.41,18.5
1760,49.1,15.38,18.5
1790,49.1,15.16,18.7
1810,49.1,15.02,18.9
1830,49.1,14.88,19.5
1850,49.1,14.67,20
1860,49.6,14.69,20.2
1870,50.1,14.54,20.4
1900,51.6,14.51,21
1930,53.1,14.32,21.6
1950,53.6,14.04,22.2
1970,54.1,13.85,22.8
2000,54.6,13.42,23
2020,55.1,13.32,23.2
2050,55.6,13.2,23.6
2080,56.1,13.07,23.9
2100,57.1,13.01,24.7
2110,58.1,13.01,25.5
2130,58.1,13.02,25.7
2150,58.1,12.89,25.9
2200,58.6,12.97,25.9
2240,59.1,12.89,25.9
2270,59.1,12.99,26.9
2290,59.1,13.1,27.9
2330,59.6,13.22,28.1
2360,60.1,13.38,28.3
2380,59.6,13.45,28.3
2400,59.1,13.54,28.3
2420,59.1,13.52,28.3
2440,59.1,13.51,28.3
2450,59.1,13.47,28.4
2460,59.1,13.39,28.6
2470,58.6,13.33,29
2480,58.1,13.39,29.4
2510,58.6,13.41,29.4
2540,59.1,13.27,29.4
2560,59.1,13.35,29.6
2580,59.1,13.35,29.8
2600,59.1,13.22,30.2
2610,59.1,13.11,30.6
2630,59.6,13.04,30.8
2650,60.1,13.01,31
2650,60.6,12.94,31.2
2640,61.1,12.91,31.4
2430,64.1,12.89,31.8
2220,67.1,13.22,32.2
2190,69.5,13.7,32.7
2160,72,13.94,33.3
2180,72.5,14.04,34.5
2190,73,13.92,35.7
2210,74.5,13.83,35.7
2220,76,13.79,35.7
2250,76,13.63,36.1
2280,76,13.55,36.5
2280,76.5,13.64,36.7
2270,77,13.66,36.9
2280,77,13.51,37.2
2290,77,13.57,37.6
2300,77.5,13.52,38
2310,78,13.48,38.4
2330,78,13.45,38.4
2350,78,13.44,38.4
2360,78,13.47,38.4
2360,78,13.47,38.4
2480,76.5,13.45,38.4
2600,75,13.51,38.4
2620,75,13.63,38.4
2640,75,13.77,38.4
2650,75,13.72,38.4
2650,75,13.73,38.4
2660,75,13.77,38.2
2660,75,13.7,38
2670,74.5,13.69,38
2680,74,13.63,38
2680,73,13.66,37.8
2680,72,13.55,37.6
2690,72,13.58,36.5
2690,72,13.55,35.3
2670,68,13.58,33.7
2650,64.1,13.44,32.2
2590,62.6,13.48,31
2520,61.1,13.3,29.8
2470,56.1,13.11,26.9
2410,51.1,12.92,23.9
2330,51.1,12.61,23.6
2240,51.1,12.69,23.2
2220,51.6,13.04,23
2190,52.1,12.98,22.8
2180,51.6,12.79,22
2170,51.1,12.7,21.2
2150,50.1,12.66,20.4
2120,49.1,12.51,19.6
2050,49.1,12.45,19.3
1980,49.1,12.45,18.9
1930,48.6,12.48,18.9
1870,48.1,12.55,18.9
1860,49.1,13.01,18.9
1850,50.1,13.7,18.9
1850,49.6,14.21,18.9
1840,49.1,14.38,18.9
1850,49.6,14.54,19.3
1850,50.1,14.51,19.6
1850,50.6,14.51,19.8
1850,51.1,14.42,20
1870,51.1,14.42,21.6
1890,51.1,14.42,23.2
1940,54.1,14.42,24.1
1990,57.1,14.42,25.1
2010,57.6,14.42,25.3
2030,58.1,14.42,25.5
2050,58.6,14.42,25.5
2060,59.1,14.42,25.5
2070,59.1,14.42,25.5
2080,59.1,14.42,25.5
2080,59.1,14.42,25.7
2070,59.1,14.42,25.9
2080,60.1,14.42,25.9
2090,61.1,14.42,25.9
2100,61.1,14.42,26.3
2110,61.1,14.42,26.7
2120,61.6,14.42,27.3
2120,62.1,14.42,27.9
2140,62.6,14.42,27.9
2150,63.1,14.42,27.9
2160,63.6,14.42,28.1
2170,64.1,14.42,28.3
2180,63.6,14.42,28.3
2190,63.1,14.42,28.3
2200,62.6,14.42,28.3
2200,62.1,14.42,28.3
2200,62.1,14.42,28.1
2190,62.1,14.42,27.9
2180,61.6,14.42,27.3
2170,61.1,14.42,26.7
2170,61.1,14.42,26.7
2160,61.1,14.42,26.7
2160,61.1,14.42,26.7
2150,61.1,14.42,26.7
2160,60.1,14.42,26.1
2160,59.1,14.42,25.5
2120,56.1,14.42,22.2
2080,53.1,14.42,18.9
2040,51.1,14.42,18.7
1990,49.1,14.42,18.5
1960,48.1,14.42,18.1
1920,47.1,14.42,17.7
1910,47.1,14.42,16.9
1900,47.1,14.42,16
1870,46.1,14.42,14.7
1830,45.1,14.42,13.3
1800,42.1,14.42,10.9
1770,38.9,14.42,8.6
1690,39.4,14.42,7.8
1600,39.9,14.42,7
1560,39.9,14.42,5.9
1520,39.9,14.42,4.7
1480,39.9,14.42,3.1
1440,39.9,14.42,1.6
1390,39.9,14.42,1.2
1340,39.9,14.42,0.8
1340,39.9,14.42,0.6
1340,39.9,14.42,0.4
1330,39.9,14.42,0.4
1320,39.9,14.42,0.4
1320,40.4,14.42,0.2
1320,40.9,14.42,0
1320,40.9,14.42,0
1310,40.9,14.42,0
1290,40.9,14.42,0.2
1270,40.9,14.42,0.4
1280,41.4,14.42,0.2
1280,41.9,14.42,0
1270,41.4,14.42,0.2
1250,40.9,14.42,0.4
1250,41.4,14.42,0.4
1240,41.9,14.42,0.4
1240,41.9,14.42,0.2
1240,41.9,14.42,0
1230,42.6,14.42,0
1220,43.1,14.42,0
1180,46.1,14.86,0.4
1190,46.1,14.85,0.2
1190,46.1,14.82,0
1170,45.6,14.77,0
1140,45.1,14.74,0
1150,45.1,14.74,0
1150,45.1,14.77,0
1150,45.1,14.83,0
1150,45.1,14.82,0
1160,45.6,14.83,0
1170,46.1,14.86,0
1160,45.6,14.82,0
1140,45.1,14.82,0
1150,45.6,14.86,0
1150,46.1,14.88,0
1140,46.1,14.91,0.2
1130,46.1,14.94,0.4
1130,46.6,14.89,0.2
1130,47.1,14.89,0
1130,47.1,14.88,0.2
1120,47.1,14.83,0.4
1120,47.1,14.8,0.2
1120,47.1,14.79,0
1140,46.6,14.8,0
1150,46.1,14.82,0
1140,46.6,14.85,0.2
1130,47.1,14.83,0.4
1130,47.1,14.86,0.2
1120,47.1,14.85,0
1120,46.6,14.85,0
1110,46.1,14.83,0
1110,46.1,14.82,0
1110,46.1,14.8,0
1100,46.6,14.8,0.2
1090,47.1,14.83,0.4
1090,47.6,14.85,0.2
1090,48.1,14.88,0
1090,47.6,14.96,0
1080,47.1,14.95,0
1080,47.1,15.01,0
1080,47.1,14.99,0
1080,47.6,15.05,0.2
1070,48.1,15.1,0.4
1070,48.1,15.04,0.2
1060,48.1,15.04,0
1060,48.1,15.04,0
1060,48.1,15.01,0
1040,48.1,15.05,0
1020,48.1,15.08,0
1030,48.6,15.16,0.2
1030,49.1,15.16,0.4
1020,48.6,15.17,0.2
1010,48.1,15.19,0
1010,48.6,15.2,0
1000,49.1,15.24,0
1010,49.1,15.27,0
1010,49.1,15.27,0
1010,48.6,15.26,0
1010,48.1,15.27,0
1000,48.6,15.24,0
980,49.1,15.24,0
980,49.1,15.23,0
980,49.1,15.23,0
1000,48.6,15.27,0.2
1020,48.1,15.29,0.4
1040,48.1,15.23,0.2
1050,48.1,15.23,0
1040,48.1,15.21,0
1030,48.1,15.07,0
1020,48.1,15.07,0
1000,48.1,14.99,0
990,48.6,15.01,0.2
970,49.1,15.05,0.4
980,49.1,15.08,0.2
990,49.1,15.11,0
980,49.1,15.2,0.2
970,49.1,15.2,0.4
970,49.6,15.17,0.4
960,50.1,15.19,0.4
980,50.1,15.14,0.4
990,50.1,15.08,0.4
990,51.1,15.11,2.3
980,52.1,15.1,4.3
1030,53.1,15.13,5.7
1080,54.1,15.16,7
1130,55.6,15.29,8.6
1180,57.1,15.43,10.2
1290,56.1,15.57,10.8
1390,55.1,15.55,11.3
1420,54.1,15.33,11.9
1450,53.1,15.07,12.5
1490,53.6,15.02,13.3
1520,54.1,14.98,14.1
1540,54.1,14.88,16.3
1550,54.1,14.79,18.5
1620,54.6,14.92,19.8
1680,55.1,15.08,21.2
1720,56.1,15.21,21.4
1750,57.1,15.24,21.6
1800,56.1,15.2,21.6
1840,55.1,15.19,21.6
1850,55.6,15.08,22.2
1860,56.1,15.02,22.8
1890,56.6,15.01,23.4
1920,57.1,14.85,23.9
1940,57.1,14.76,24.5
1960,57.1,14.57,25.1
1990,58.1,14.1,25.1
2020,59.1,13.8,25.1
2030,59.1,13.61,25.1
2040,59.1,13.47,25.1
2070,59.1,13.27,25.3
2090,59.1,13.17,25.5
2100,59.1,13.16,25.5
2100,59.1,13.01,25.5
2130,59.1,12.98,25.7
2150,59.1,13.04,25.9
2160,59.1,13.05,26.3
2170,59.1,13.01,26.7
2200,59.1,12.92,26.7
2220,59.1,12.98,26.7
2240,59.1,13.02,26.9
2250,59.1,13.08,27.1
2270,58.6,13.07,27.1
2290,58.1,13.1,27.1
2300,58.6,13.07,27.5
2310,59.1,13.07,27.9
2350,58.6,13.07,27.9
2380,58.1,13.2,27.9
2390,58.1,13.17,28.1
2390,58.1,13.24,28.3
2410,58.1,13.38,28.3
2430,58.1,13.36,28.3
2450,58.1,13.26,28.3
2460,58.1,13.22,28.3
2480,58.1,13.22,28.4
2500,58.1,13.2,28.6
2520,58.1,13.19,28.6
2530,58.1,13.17,28.6
2540,58.1,13.1,29
2550,58.1,13.08,29.4
2560,58.1,13.07,29.6
2570,58.1,13.07,29.8
2430,60.6,12.98,29.8
2290,63.1,12.97,29.8
2210,65.1,13.27,30.2
2130,67.1,13.61,30.6
2130,68,13.57,31
2120,69,13.48,31.4
2130,70.5,13.66,32
2140,72,13.91,32.6
2160,73,13.94,33.1
2180,74,13.82,33.7
2210,74,13.8,33.9
2230,74,13.8,34.1
2250,74.5,13.79,34.9
2270,75,13.85,35.7
2280,75.5,13.88,35.7
2290,76,13.85,35.7
2300,76,13.85,35.7
2310,76,13.77,35.7
2330,76,13.79,36.1
2340,76,13.77,36.5
2420,75,13.77,36.5
2490,74,13.76,36.5
2540,73.5,13.73,36.5
2580,73,13.91,36.5
2590,72.5,13.99,36.5
2600,72,13.95,36.5
2610,72,13.98,36.5
2610,72,13.94,36.5
2620,72,13.88,36.5
2620,72,13.92,36.5
2630,72,13.94,36.5
2630,72,13.91,36.5
2640,72,13.91,36.5
2650,72,13.91,36.5
2660,72,13.91,36.1
2660,72,13.91,35.7
2670,71.5,13.94,35.7
2670,71,13.91,35.7
2670,70.5,13.92,35.5
2670,70,13.86,35.3
2670,69.5,13.97,34.7
2670,69,13.91,34.1
2640,66.1,13.94,32.4
2600,63.1,13.77,30.6
2530,58.6,13.26,28.3
2460,54.1,12.76,25.9
2400,54.1,12.6,25.9
2340,54.1,12.67,25.9
2310,52.6,12.89,22.4
2270,51.1,12.98,18.9
2100,48.1,12.8,17.3
1930,45.1,12.66,15.6
1890,44.6,12.69,15.6
1850,44.1,12.63,15.6
1800,44.6,12.74,15.6
1740,45.1,13.51,15.6
1730,41.6,14.33,7.8
1720,37.9,14.89,0
1560,37.4,15.16,0
1400,36.9,15.1,0
1350,37.9,15.13,0
1290,38.9,15.35,0
1250,39.4,15.55,0
1210,39.9,15.51,0
1230,40.9,15.33,0
1240,41.9,15.17,0
1250,41.9,15.01,0
1260,41.9,14.88,0
1260,41.9,14.82,0
1260,41.9,14.77,0
1270,41.4,14.74,0
1270,40.9,14.71,0
1270,41.4,14.71,0
1270,41.9,14.73,0
1270,41.4,14.71,0.2
1270,40.9,14.71,0.4
1270,41.4,14.71,0.4
1260,41.9,14.77,0.4
1280,42.6,14.77,2.7
1300,43.1,14.76,5.1
1340,44.1,14.74,5.7
1380,45.1,14.74,6.3
1400,46.6,14.76,8
1410,48.1,14.8,9.8
1460,48.1,14.94,10
1500,48.1,15.02,10.2
1550,48.1,14.96,10.4
1600,48.1,14.82,10.6
1610,46.1,14.74,10.6
1620,44.1,14.83,10.6
1620,44.6,15.04,10.9
1610,45.1,15.23,11.3
1600,44.6,15.51,12.1
1590,44.1,15.68,12.9
1590,45.1,15.86,13.5
1590,46.1,15.79,14.1
1580,47.6,16.21,14.3
1570,49.1,15.76,14.5
1380,51.1,15.6,14.5
1190,53.1,15.58,14.5
1190,57.6,15.55,15.7
1180,62.1,15.49,16.9
1180,63.1,15.8,17.1
1180,64.1,15.61,17.3
1190,65.1,15.55,17.3
1190,66.1,15.19,17.3
1230,65.6,14.73,17.3
1270,65.1,14.33,17.3
1310,64.1,14.14,17.3
1340,63.1,13.98,17.3
1350,63.1,13.89,17.3
1350,63.1,13.89,17.3
1350,62.6,14.02,17.3
1340,62.1,14.02,17.3
1340,62.1,14.11,17.3
1330,62.1,14.17,17.3
1330,62.1,14.21,17.3
1320,62.1,14.24,17.3
1320,59.1,14.21,11.6
1320,56.1,14.23,5.9
1270,53.6,14.2,3.1
1220,51.1,14.13,0.4
1280,48.1,14.07,0.4
1330,45.1,14.2,0.4
1360,44.1,14.49,0.4
1390,43.1,14.91,0.4
1390,42.1,14.92,0.4
1380,40.9,14.92,0.4
1360,40.9,14.8,0.2
1330,40.9,14.61,0
1310,40.4,14.54,0
1290,39.9,14.55,0
1300,40.4,14.55,0
1300,40.9,14.57,0
1300,40.9,14.6,0
1290,40.9,14.63,0
1310,40.9,14.64,0
1320,40.9,14.6,0
1320,40.9,14.61,0
1320,40.9,14.63,0
1320,40.9,14.63,0.2
1310,40.9,14.66,0.4
1320,41.4,14.66,0.2
1320,41.9,14.66,0
1320,41.4,14.67,0
1310,40.9,14.66,0
1310,40.9,14.63,0
1310,40.9,14.63,0
1300,41.4,14.64,0
1290,41.9,14.64,0
1300,41.9,14.63,0
1300,41.9,14.66,0
1280,41.4,14.64,0
1260,40.9,14.66,0
1270,41.4,14.66,0
1270,41.9,14.69,0
1250,42.6,14.61,0.2
1230,43.1,14.69,0.4
1240,42.6,14.7,0.4
1250,41.9,14.73,0.4
1260,41.9,14.8,0.4
1260,41.9,14.82,0.4
1260,41.9,14.82,0.2
1250,41.9,14.85,0
1250,42.6,14.8,0.2
1240,43.1,14.79,0.4
1250,42.6,14.8,0.2
1250,41.9,14.8,0
1250,42.6,14.82,0
1240,43.1,14.77,0
1240,43.1,14.77,0
1230,43.1,14.8,0
1230,43.1,14.82,0.2
1230,43.1,14.82,0.4
1230,43.1,14.82,0.2
1230,43.1,14.85,0
1220,43.6,14.86,0.2
1210,44.1,14.83,0.4
1220,44.1,14.79,0.2
1220,44.1,14.77,0
1220,43.6,14.77,0
1210,43.1,14.79,0
1210,43.1,14.88,0
1210,43.1,14.82,0
1200,43.6,14.82,0
1190,44.1,14.86,0
1180,44.6,14.86,0
1170,45.1,14.89,0
1180,45.1,14.85,0
1180,45.1,14.83,0
1190,44.6,14.85,0
1190,44.1,14.89,0
1190,44.6,14.89,0.2
1180,45.1,14.91,0.4
1170,45.1,14.88,0.2
1150,45.1,14.89,0
1170,45.1,14.85,0.2
1180,45.1,14.85,0.4
1170,45.1,14.8,0.2
1160,45.1,14.86,0
1170,45.6,14.82,0.2
1180,46.1,14.88,0.4
1180,45.6,14.88,0.2
1170,45.1,14.83,0
1160,45.1,14.85,0
1150,45.1,14.83,0
1160,45.1,14.8,0
1170,45.1,14.79,0
1170,45.1,14.79,0
1170,45.1,14.83,0
1160,45.6,14.79,0
1150,46.1,14.77,0
1160,46.1,14.77,0
1160,46.1,14.8,0
1150,46.6,14.85,0
1140,47.1,14.89,0
1130,46.6,14.85,0.2
1120,46.1,14.79,0.4
1130,46.6,14.83,0.2
1140,47.1,14.8,0
1130,47.1,14.82,0
1120,47.1,14.82,0
1130,47.1,14.83,0.2
1140,47.1,14.8,0.4
1140,47.1,14.82,0.4
1130,47.1,14.83,0.4
1130,47.1,14.82,0.2
1130,47.1,14.79,0
1130,47.1,14.79,0
1120,47.1,14.85,0
1110,47.6,14.85,0.2
1100,48.1,14.83,0.4
1100,47.6,14.8,0.2
1100,47.1,14.86,0
1100,47.1,14.88,0
1100,47.1,14.89,0
1110,47.1,14.91,0.2
1110,47.1,14.92,0.4
1110,47.1,14.92,0.2
1100,47.1,14.92,0
1090,47.6,14.88,0.2
1080,48.1,14.85,0.4
1080,47.6,14.85,0.4
1070,47.1,14.89,0.4
1070,47.6,14.82,0.2
1070,48.1,14.98,0
1060,48.1,14.96,0.2
1050,48.1,15.01,0.4
1090,48.1,15.02,0.4
1120,48.1,15.07,0.4
1130,48.1,15.07,0.4
1140,48.1,15.08,0.4
1160,47.1,15.07,0.4
1170,46.1,15.01,0.4
1170,46.1,14.95,0.2
1160,46.1,14.88,0
1150,46.1,14.77,0
1140,46.1,14.73,0
1130,46.6,14.73,0
1120,47.1,14.77,0
1120,46.6,14.82,0
1110,46.1,14.83,0
1100,46.6,14.86,0.2
1090,47.1,14.8,0.4
1100,47.1,14.79,0.2
1100,47.1,14.76,0
1090,47.1,14.74,0
1080,47.1,14.76,0
1090,47.1,14.77,0
1090,47.1,14.77,0
1080,47.1,14.79,0.2
1070,47.1,14.8,0.4
1070,47.1,14.82,0.2
1070,47.1,14.86,0
1070,47.6,14.89,0.2
1060,48.1,14.99,0.4
1040,48.1,15.07,0.4
1020,48.1,15.07,0.4
1030,48.1,15.05,0.2
1040,48.1,15.07,0
1040,48.1,15.08,0
1030,48.1,15.14,0
1010,48.1,15.17,0
990,48.1,15.17,0
990,48.1,15.23,0.2
990,48.1,15.19,0.4
990,48.6,15.19,0.2
990,49.1,15.19,0
990,49.1,15.21,0.2
990,49.1,15.21,0.4
990,49.1,15.2,0.4
990,49.1,15.23,0.4
990,49.1,15.21,0.2
990,49.1,15.21,0
1020,49.1,15.16,0
1040,49.1,15.2,0
1060,48.6,15.2,0.2
1070,48.1,15.17,0.4
1070,48.1,15.13,0.4
1060,48.1,15.07,0.4
1070,48.1,14.95,0.4
1080,48.1,14.98,0.4
1080,47.6,14.95,0.4
1070,47.1,14.94,0.4
1070,47.1,15.07,0.4
1070,47.1,14.92,0.4
1070,47.6,14.91,1
1060,48.1,14.91,1.6
1070,48.6,14.95,2.5
1080,49.1,14.92,3.5
1130,49.1,14.89,4.3
1180,49.1,14.83,5.1
1210,50.1,14.88,5.7
1240,51.1,14.95,6.3
1290,51.1,14.95,7.6
1340,51.1,14.94,9
1370,51.1,14.95,9.6
1400,51.1,15.02,10.2
1440,51.1,15.01,10.9
1470,51.1,14.94,11.7
1500,51.1,14.83,12.3
1530,51.1,14.73,12.9
1550,50.6,14.74,13.1
1560,50.1,14.73,13.3
1580,50.1,14.74,14.7
1590,50.1,14.79,16
1600,50.1,14.95,16.7
1610,50.1,15.07,17.3
1660,51.1,15.32,17.5
1700,52.1,15.32,17.7
1730,52.1,15.24,18.3
1750,52.1,15.21,18.9
1770,51.6,15.21,19.3
1790,51.1,15.27,19.6
1820,51.1,15.13,20.6
1840,51.1,14.94,21.6
1860,53.1,14.82,22
1870,55.1,14.71,22.4
1910,54.6,14.63,22.6
1950,54.1,14.38,22.8
1970,55.1,14.26,23.4
1990,56.1,13.99,23.9
2010,56.1,13.58,24.1
2030,56.1,13.41,24.3
2050,56.6,13.29,24.3
2060,57.1,13.11,24.3
2080,57.6,13.01,24.7
2090,58.1,12.97,25.1
2100,58.1,12.95,25.1
2110,58.1,12.86,25.1
2140,57.6,12.85,25.3
2160,57.1,12.85,25.5
2170,57.6,12.83,25.5
2180,58.1,12.77,25.5
2200,57.6,12.76,25.7
2210,57.1,12.76,25.9
2230,57.1,12.85,25.9
2240,57.1,12.85,25.9
2260,57.6,12.92,26.3
2280,58.1,12.95,26.7
2300,58.1,12.99,26.7
2310,58.1,12.99,26.7
2340,58.1,13.01,26.9
2360,58.1,13.01,27.1
2370,57.6,13.11,27.5
2380,57.1,13.04,27.9
2410,57.6,13.1,27.9
2430,58.1,13.17,27.9
2450,58.1,13.14,28.1
2470,58.1,13.16,28.3
2480,57.6,13.08,28.4
2490,57.1,13.11,28.6
2510,57.6,13.11,28.6
2520,58.1,13.08,28.6
2540,58.1,13.1,28.6
2550,58.1,13.04,28.6
2560,57.6,12.98,28.6
2570,57.1,12.92,28.6
2520,58.6,12.91,29
2470,60.1,12.85,29.4
2300,62.6,12.95,29.6
2120,65.1,13.27,29.8
2120,66.6,13.55,30.2
2110,68,13.55,30.6
2120,68.5,13.64,30.8
2120,69,13.73,31
2130,70,13.72,31.2
2140,71,13.8,31.4
2170,71.5,13.77,32.4
2190,72,13.79,33.3
2200,73,13.73,33.3
2200,74,13.79,33.3
2220,74,13.77,33.5
2240,74,13.74,33.7
2240,74,13.79,33.7
2240,74,13.85,33.7
2250,73.5,13.85,33.9
2260,73,13.85,34.1
2280,72.5,13.86,34.1
2300,72,13.83,34.1
2400,71.5,13.83,34.1
2490,71,13.86,34.1
2500,70.5,14.04,34.1
2510,70,14.14,34.1
2510,70,14.23,34.1
2510,70,14.21,34.1
2520,70,14.21,34.1
2530,70,14.21,34.1
2540,70,14.17,34.1
2550,70,14.14,34.1
2560,69.5,14.14,34.1
2560,69,14.11,34.1
2560,69,14.13,34.1
2560,69,14.02,34.1
2570,69,14.05,34.1
2570,69,14.1,34.1
2580,68.5,14.05,34.1
2580,68,13.94,34.1
2590,68.5,13.99,34.1
2590,69,13.92,34.1
2590,68.5,13.95,33.7
2580,68,13.86,33.3
2580,67.6,13.79,33.3
2580,67.1,13.69,33.3
2580,66.1,13.64,32.7
2570,65.1,13.61,32.2
2570,65.1,13.47,31.8
2560,65.1,13.35,31.4
2560,63.6,13.29,30.6
2550,62.1,13.23,29.8
2520,60.6,13.17,29.2
2480,59.1,13.05,28.6
2460,58.1,12.98,27.9
2440,57.1,12.98,27.1
2410,55.6,12.98,26.3
2370,54.1,12.8,25.5
2350,52.6,12.74,24.3
2330,51.1,12.7,23.2
2260,50.6,12.67,22.8
2190,50.1,12.61,22.4
2110,50.6,12.67,21.2
2030,51.1,12.66,20
1970,51.6,12.54,20
1900,52.1,12.44,20
1900,51.6,12.36,19.8
1900,51.1,12.79,19.6
1900,50.1,13.23,19.6
1890,49.1,13.54,19.6
1890,50.1,13.61,19.6
1880,51.1,13.49,19.6
1880,50.1,13.55,19.1
1880,49.1,13.54,18.5
1880,49.6,13.69,18.5
1870,50.1,13.66,18.5
1870,49.1,13.66,18.1
1860,48.1,13.77,17.7
1850,48.6,13.85,17.5
1840,49.1,13.91,17.3
1840,46.6,14.02,15.3
1830,44.1,14.07,13.3
1790,43.1,14.11,13.3
1740,41.9,14.19,13.3
1720,43.6,14.39,13.1
1700,45.1,14.71,12.9
1690,45.1,15.29,12.7
1670,45.1,15.42,12.5
1670,43.6,15.55,11.1
1660,41.9,15.51,9.8
1630,42.6,15.48,9.8
1600,43.1,15.46,9.8
1540,44.6,15.55,9.8
1470,46.1,15.61,9.8
1300,48.1,15.58,9.4
1120,50.1,15.61,9
1130,53.1,15.61,9
1140,56.1,15.38,9
1140,56.6,15.32,8.8
1140,57.1,15.91,8.6
1140,57.1,15.74,8.2
1140,57.1,15.36,7.8
1140,57.1,15.45,7.6
1130,57.1,15.32,7.4
1140,56.6,15.2,6.8
1140,56.1,15.1,6.3
1140,55.6,15.11,4.1
1130,55.1,15.1,2
1140,53.1,15.04,1.2
1140,51.1,15.05,0.4
1260,49.6,14.98,0.4
1370,48.1,14.89,0.4
1380,45.1,14.83,0.4
1390,41.9,14.77,0.4
1370,41.9,14.71,0.4
1340,41.9,14.64,0.4
1320,41.9,14.42,0.2
1300,41.9,14.38,0
1290,41.4,14.27,0.2
1280,40.9,14.27,0.4
1280,40.9,14.32,0.4
1270,40.9,14.33,0.4
1280,41.4,14.35,0.2
1280,41.9,14.3,0
1280,41.9,14.36,0
1270,41.9,14.42,0
1270,41.9,14.49,0
1260,41.9,14.49,0
1260,41.9,14.46,0.2
1250,41.9,14.51,0.4
1250,42.6,14.49,0.2
1250,43.1,14.51,0
1270,42.6,14.6,0.2
1280,41.9,14.61,0.4
1280,41.9,14.64,0.2
1270,41.9,14.64,0
1280,41.9,14.63,0.2
1280,41.9,14.63,0.4
1280,41.9,14.63,0.2
1270,41.9,14.61,0
1270,41.9,14.61,0
1260,41.9,14.64,0
1260,43.1,14.61,0
1250,44.1,14.6,0
1240,43.1,14.52,0
1230,41.9,14.57,0
1240,42.6,14.63,0
1240,43.1,14.6,0
1250,43.1,14.61,0
1250,43.1,14.64,0
1250,43.1,14.64,0
1250,43.1,14.66,0
1240,43.1,14.67,0
1230,43.1,14.69,0
1240,43.1,14.69,0
1240,43.1,14.64,0
1240,43.6,14.63,0.2
1240,44.1,14.63,0.4
1240,43.6,14.6,0.2
1230,43.1,14.63,0
1240,43.1,14.67,0.2
1240,43.1,14.67,0.4
1240,43.6,14.66,0.2
1230,44.1,14.67,0
1230,44.1,14.67,0
1230,44.1,14.67,0
1240,43.6,14.69,0
1240,43.1,14.71,0
1230,43.6,14.71,0
1220,44.1,14.71,0
1220,44.1,14.71,0
1210,44.1,14.67,0
1200,44.1,14.64,0
1190,44.1,14.67,0
1190,44.1,14.7,0
1180,44.1,14.67,0
1190,44.6,14.7,0
1190,45.1,14.71,0
1190,45.1,14.71,0
1190,45.1,14.7,0
1190,45.1,14.74,0
1190,45.1,14.76,0
1200,45.1,14.76,0
1200,45.1,14.74,0
1210,45.1,14.7,0.2
1210,45.1,14.67,0.4
1210,44.6,14.66,0.2
1200,44.1,14.66,0
1210,44.1,14.67,0
1210,44.1,14.71,0
1210,44.1,14.7,0
1200,44.1,14.7,0
1200,44.6,14.67,0
1190,45.1,14.64,0
1200,45.1,14.64,0
1210,45.1,14.66,0
1210,45.1,14.69,0
1200,45.1,14.73,0
1180,45.1,14.76,0
1160,45.1,14.73,0
1170,45.1,14.67,0
1170,45.1,14.67,0
1160,45.6,14.73,0
1150,46.1,14.76,0
1170,46.1,14.79,0.2
1180,46.1,14.82,0.4
1180,46.1,14.8,0.2
1180,46.1,14.83,0
1190,46.1,14.74,0.2
1190,46.1,14.7,0.4
1190,46.1,14.73,0.2
1180,46.1,14.73,0
1170,45.6,14.73,0.2
1160,45.1,14.73,0.4
1160,46.1,14.76,0.2
1150,47.1,14.8,0
1160,46.6,14.76,0
1160,46.1,14.76,0
1170,46.1,14.74,0
1170,46.1,14.76,0
1170,46.1,14.77,0
1170,46.1,14.76,0
1170,46.1,14.74,0
1170,46.1,14.74,0
1180,45.6,14.73,0
1180,45.1,14.71,0
1170,45.1,14.7,0.2
1160,45.1,14.64,0.4
1160,46.1,14.71,0.2
1150,47.1,14.73,0
1150,46.6,14.74,0
1140,46.1,14.74,0
1150,46.6,14.74,0
1150,47.1,14.71,0
1140,47.1,14.74,0.2
1120,47.1,14.74,0.4
1130,47.6,14.76,0.4
1130,48.1,14.76,0.4
1120,47.6,14.77,0.2
1110,47.1,14.8,0
1110,47.6,14.8,0.2
1110,48.1,14.86,0.4
1110,48.1,14.88,0.4
1100,48.1,14.85,0.4
1110,48.1,14.85,0.4
1110,48.1,14.82,0.4
1100,48.1,14.83,0.4
1090,48.1,14.82,0.4
1090,48.1,14.8,0.4
1090,48.1,14.79,0.4
1080,48.1,14.83,0.2
1060,48.1,14.89,0
1060,48.1,14.95,0.2
1060,48.1,14.98,0.4
1090,48.6,14.99,0.4
1120,49.1,14.99,0.4
1130,48.1,14.98,0.4
1130,47.1,14.98,0.4
1130,47.1,14.95,0.4
1130,47.1,14.86,0.4
1120,46.6,14.83,0.2
1110,46.1,14.79,0
1110,46.6,14.76,0.2
1100,47.1,14.74,0.4
1090,47.1,14.74,0.4
1080,47.1,14.71,0.4
1070,47.6,14.71,0.4
1060,48.1,14.76,0.4
1050,48.1,14.82,0.4
1030,48.1,14.86,0.4
1040,48.1,14.92,0.4
1050,48.1,14.98,0.4
1040,48.6,15.02,0.4
1020,49.1,15.05,0.4
1030,48.6,15.05,0.4
1030,48.1,15.04,0.4
1030,48.1,15.07,0.4
1030,48.1,15.11,0.4
1020,48.1,15.13,0.4
1010,48.1,15.13,0.4
1020,48.6,15.05,0.4
1020,49.1,15.07,0.4
1030,49.1,15.07,0.2
1040,49.1,15.1,0
1050,48.6,15.08,0.2
1050,48.1,15.05,0.4
1060,48.1,15.01,0.4
1070,48.1,14.98,0.4
1070,48.1,14.95,0.4
1060,48.1,14.92,0.4
1050,48.1,14.89,0.2
1040,48.1,14.92,0
1050,48.1,14.82,0
1050,48.1,14.95,0
1050,48.1,14.95,0.2
1040,48.1,14.95,0.4
1030,48.6,14.99,0.2
1020,49.1,15.02,0
1010,48.6,15.07,0.2
1000,48.1,15.14,0.4
1020,48.1,15.13,0.4
1030,48.1,15.17,0.4
1030,48.6,15.23,0.2
1030,49.1,15.26,0
1070,48.6,15.24,0.2
1110,48.1,15.19,0.4
1140,47.6,15.11,0.4
1160,47.1,15.02,0.4
1160,46.6,14.96,0.4
1160,46.1,14.91,0.4
1160,45.6,14.77,0.4
1150,45.1,14.71,0.4
1170,45.6,14.63,2.3
1180,46.1,14.66,4.3
1210,46.6,14.69,4.3
1240,47.1,14.7,4.3
1290,46.1,14.7,4.5
1330,45.1,14.73,4.7
1340,45.1,14.7,4.7
1350,45.1,14.66,4.7
1360,45.1,14.67,4.9
1370,45.1,14.69,5.1
1370,45.1,14.67,5.5
1370,45.1,14.7,5.9
1380,46.1,14.69,6.6
1390,47.1,14.69,7.4
1410,47.6,14.66,7.6
1430,48.1,14.66,7.8
1450,48.1,14.63,10.2
1470,48.1,14.61,12.5
1530,49.6,14.67,13.3
1590,51.1,14.73,14.1
1630,49.6,14.76,14.3
